AGE,INSAMOUNT
49,9.2
26,3.1
59,10.7
46,12.6
30,5.1
38,8.7
36,5.9
47,6.2
24,2.1
41,11.8
65,7.7
33,7.7
35,11.3
35,4.4
44,7.7
41,12.8
40,8.3
56,12.5
50,6.4
54,8.1
32,6.7
58,8.7
24,1.9
39,13.4
35,7.9
42,6.5
54,10.1
45,10.8
24,1.9
49,11
53,9.1
43,8.7
56,11.2
32,5.3
35,7.2
31,3.3
24,3.9
44,14.9
32,7.6
25,2.8
51,9.7
60,14
29,6
51,7.4
38,10.1
43,8
55,5.6
66,7.8
48,13.9
45,13
24,2.7
44,6
52,6.2
54,14.9
46,9.4
46,6.4
38,9
45,10.1
34,8.8
39,11.6
21,1.4
36,7.3
27,5.9
63,10.3
26,2.7
52,11
28,3
59,5
54,11.9
53,14.5
31,7.9
50,12.2
63,9
29,2.9
44,8.7
40,12.7
50,8.8
32,5.1
36,10.3
35,9.5
30,6.6
62,10.2
54,6.2
27,5.3
19,0.4
28,5.6
45,14.5
29,5
65,13.5
49,11.5
46,14.2
39,6.6
31,6.2
42,12.2
53,8.5
29,3.7
36,7.5
36,7
36,5
36,10
48,13
46,13
33,9.4
60,13.2
62,5.7
51,9.2
24,2.7
36,6.1
29,5.8
29,6.7
36,11.8
59,6
39,13.6
27,4.8
59,6.9
60,10
29,3.8
38,11.8
43,11.8
45,5.6
27,2.9
44,9.4
39,7.8
53,10.2
46,10
36,10.3
59,10
49,7.7
49,13.3
22,1.5
26,4.1
34,8.7
36,9.7
27,4.6
52,14.2
43,10.2
63,6.6
47,7.1
68,6.5
41,5.1
43,10.3
41,10.8
46,13.5
22,2.3
30,5.8
50,11
58,6.4
45,13.5
24,4.1
33,8.9
42,10.7
49,6.4
50,8.6
67,11.9
45,6.4
55,7.4
23,2.3
43,12.5
59,13
46,14.8
23,2.4
61,8.7
24,2.3
60,10.3
21,1.4
50,5.1
56,8.5
29,6.1
46,13.1
52,6.3
34,6.9
40,14.6
56,13.2
63,10
33,7.8
25,2.8
33,8.1
22,1.9
37,7.2
58,12.5
53,14.5
33,3.7
35,6.2
48,6.9
35,5.2
40,10.3
41,10.4
48,13.3
56,8.7
33,10.2
36,8.2
37,10.6
24,3.6
27,3.9
40,14.9
53,8.4
47,13.9
31,5.6
42,8.4
32,9.4
60,11.5
46,14.3
43,5.6
53,7.9
52,14
60,7.1
53,11.4
34,4
58,5.3
47,14
34,5
31,6.6
32,8.9
28,5
39,13.5
42,12.9
22,1.5
50,5.6
49,12
29,3
37,11.9
46,8.4
60,6.8
26,5
32,4
39,10.7
42,7
23,2.8
20,1.3
19,0.4
28,4.2
37,8.9
61,13.5
42,13.6
67,6.1
19,0.5
49,11.8
58,13.8
60,10
36,10
61,6.2
34,9.8
25,1.9
37,12.9
47,5.8
40,13.6
48,12.3
48,11.4
34,10.4
51,12.9
28,6.3
42,6.7
45,5.2
26,4.6
44,9.8
50,7.9
36,7.2
38,11.9
29,5.1
26,4.6
56,5.8
48,7.9
67,12.7
52,9.7
40,7.3
43,8
37,9.6
40,8.7
59,11
46,9.4
62,6.5
48,9.7
43,8
35,10.1
20,1
39,8.1
64,8.8
26,3.8
50,9.3
25,4.9
38,5.1
33,6.1
25,2.7
41,9.3
44,11
36,6.2
42,10.3
30,3.6
65,13.8
59,8.4
48,8.2
37,4.8
28,6.3
41,13.4
23,1.4
56,7.9
53,5.1
53,14.6
48,14.9
45,9.7
50,13.8
55,9.8
36,5
55,14.9
45,12.1
40,11.7
40,7
35,10.2
43,12.2
37,4.7
48,9.5
36,7.7
21,1.1
36,11.5
26,3.8
44,12.1
52,11.8
44,13.3
54,11
47,6.2
31,3.8
50,12.9
50,14.9
42,6.1
21,1
40,11.9
22,2.1
62,12.7
43,13.8
32,7.2
34,10.5
53,14.4
24,2.9
28,5.1
39,8.8
51,12.2
18,0.1
37,10.8
60,13.1
54,11.8
58,10
60,13
62,6
45,8.4
44,12.3
30,2.8
54,7
29,4.4
57,8.7
63,14.8
57,6.4
42,13.5
36,10.5
45,12.3
30,6
55,6.5
25,4.9
37,9.4
38,9.8
29,2.6
52,10.8
23,1.9
34,4.2
41,9.9
41,7.5
50,7.3
28,3.3
52,10.5
25,4.6
53,11.6
22,2.8
31,5.7
22,2.8
44,14.3
35,9.9
33,8.2
33,3.7
40,9.5
21,0.8
27,3.3
31,4.7
28,5.6
26,5.5
36,11.7
46,12.2
28,2.7
37,12
62,13.8
51,7.2
42,8.7
52,12.9
63,8
55,7.3
39,10.6
30,6.4
23,3.4
31,5
42,12.4
23,3.1
36,5.3
51,13.8
50,9.7
55,8
48,9
62,14
44,8.1
31,7.2
23,1.9
48,11
36,12.1
38,4.7
30,7.3
28,2.7
50,13.6
23,3
31,7.2
44,11.6
30,6.2
35,6.8
34,5.6
22,2.1
36,4.9
63,14.2
26,5.1
59,10.1
52,8.2
62,8.1
38,13.4
40,15
59,11.9
44,6.8
33,7.3
19,0.3
40,8.9
38,12.2
31,4.6
41,14.7
38,6.8
34,10.1
60,13.5
31,4.8
30,3.1
67,9.1
28,2.4
30,7.9
32,6.1
50,7.4
49,11
22,1.2
29,6.1
26,5
21,1.4
47,10.4
44,12.8
60,8.1
37,7.2
39,8.9
29,4.1
46,7.1
35,11.4
41,13.4
38,6.9
27,2.8
56,13.7
32,4.7
56,8.3
60,14.8
48,7.9
43,10.5
39,5
58,9.2
43,6
29,2.8
40,12.9
62,6.8
68,12.1
53,5.4
43,10.6
60,12.2
54,9.2
20,1
37,10.3
57,7.5
42,14.9
33,9.4
40,7.3
33,9.1
27,4.1
52,13.8
47,14
49,8.9
49,14.9
62,12.9
42,5.3
45,14.4
35,10.7
67,11.7
26,5.4
55,11.8
48,9.4
60,10.6
34,4.8
18,0.1
49,8.9
33,4.8
57,13.2
47,7.7
41,8.2
47,10.2
58,9
36,10.8
27,2.9
60,6.6
48,12.9
31,7.7
46,11.4
48,6.2
43,8.9
49,10.1
36,11.4
50,11.9
38,13.2
23,2.6
20,0.7
39,10.2
21,0.9
56,12.8
45,14.1
60,8.8
43,13.3
35,5.3
36,11.4
47,9.8
42,10.6
58,11.2
55,13.3
36,5.3
52,7.6
42,7.4
25,3.9
45,11.2
57,6
35,9.1
62,6.9
41,13.2
38,9.5
49,10.6
50,5.2
61,10.1
32,5.2
59,14.3
55,10.2
28,5.3
55,7.7
48,14.4
39,11.1
31,7
21,2.1
50,6.9
35,10.4
60,14.5
59,9.3
40,11.2
65,13.1
24,3.5
42,11.6
30,6.6
65,10.1
48,10.1
52,6.8
36,12.2
45,7.2
52,10.8
28,5.6
44,7.2
31,3.9
57,8.2
21,1.5
52,9.1
38,11.9
33,8.9
63,10.7
39,5.8
55,6.6
47,10.2
40,13.6
37,6.4
40,7.9
38,10.7
47,14.7
19,0.3
44,13.4
28,5.5
35,4.1
21,2.1
34,9.3
48,14
32,8.4
60,10.9
60,7.7
28,6.3
46,8.9
29,6.2
34,4.3
53,5.9
47,10.7
55,13.9
43,5.4
41,10.4
38,10.6
33,9.3
40,5.6
35,8.3
52,8.1
25,3.2
22,1.6
44,6.5
48,13.5
68,6
39,13.7
46,12.5
24,2.8
22,1.9
31,8.1
46,9.1
60,10.4
33,4.6
52,6.7
34,4.6
53,13
44,6.5
67,14.9
31,7.7
51,9.8
56,14.4
50,9.9
46,13.1
25,2.5
56,14.9
60,6.2
30,6.9
40,9.7
45,14.2
48,7.3
21,1.7
20,1.5
36,5.3
30,6.9
28,5.3
27,2.5
46,6.1
44,15
31,8.1
28,3.2
43,8.4
28,6
59,5.7
51,6.6
35,8.3
65,14.7
38,5.4
36,5.8
34,6.4
59,15
48,5.2
54,8.3
29,4.2
43,12.4
56,14.6
50,12.7
60,6.5
63,12.5
27,2.6
60,6
26,3
26,5.5
54,8.8
50,10.2
30,5.6
54,9.7
62,10.4
41,10.2
65,14.8
47,5.1
55,13.7
23,2.6
41,12.3
19,0.5
54,11.2
26,4.9
42,14.4
42,5.3
53,14.4
49,14.8
34,7.9
30,3.5
46,14.6
51,6.1
45,9.7
38,5.4
43,5
44,9.1
42,14.2
63,8.3
43,10.3
36,9
38,5.7
51,5.2
59,10.2
29,3
63,11.8
50,5.2
62,7.2
58,8
60,14.2
32,3.5
49,10.5
38,4.6
48,9.8
38,6
38,9.9
29,7.5
25,3.8
43,7.2
26,5.2
42,14.2
55,9.8
48,11.7
34,8.2
59,5.9
30,5.8
54,8.1
58,8.9
43,5.7
39,10.6
55,5.9
64,9.5
24,1.7
52,7.4
62,12.5
33,5.9
49,10
46,5.3
48,9.6
36,9.1
57,8.7
26,2
26,3.1
42,7.4
25,3.1
35,5.6
51,6.2
33,5
62,6.8
46,14.4
61,11.9
29,2.8
52,7.1
55,8.4
38,8.6
32,5.2
41,12.4
58,14.5
38,5.3
34,9.7
53,6.8
24,3.8
43,11.5
26,5.5
21,1.8
30,4.7
43,13.6
28,4.5
56,9
40,10
44,10.9
36,5.8
23,3.2
30,5.2
59,12.6
38,11.5
28,2.7
39,9.5
61,5.9
63,14.6
58,5.8
37,9.3
65,11.6
22,2.6
37,12.9
24,2.1
38,8.6
28,4.7
37,8.9
60,9.4
26,3.4
46,11.2
26,4.3
37,5.3
48,13.4
49,10.5
46,6.3
46,8.4
24,2.8
25,4.4
30,5.2
58,6.6
56,9.7
33,9
65,11.9
47,15
39,8.2
50,5.6
44,14.2
21,1.9
33,7.7
53,6.9
51,13.6
42,10.2
37,7.7
53,10.1
50,11.6
56,13
40,6.8
32,5.9
44,12.4
47,11
34,7.9
37,10.2
23,2.5
59,8.7
27,5.7
27,5.3
45,9.4
23,1.8
44,7.5
47,12
38,12
59,8.5
38,12.4
28,4.5
47,7.3
50,12.2
28,5.2
43,7.4
51,10.9
44,5.7
64,13.9
53,11.7
43,5.2
56,12.1
32,9.4
51,12.2
33,7.5
46,14.9
25,2.7
53,6.8
30,7.2
41,14.2
38,10.8
35,9.8
32,4.7
37,11.8
45,8.2
49,5.1
56,5.3
38,5.4
38,13.4
31,8.5
54,5.9
38,10.4
30,3.8
42,9.5
25,2.8
41,5.8
51,11.2
48,8
50,13
40,7.9
22,1.9
46,11.6
57,10.9
37,11.7
50,5.5
33,9.7
23,3.3
41,12
50,13.9
27,3.4
49,10.2
30,6.2
65,5.2
37,12.9
33,6.6
61,13
45,12.9
45,9.2
63,6.9
38,13.3
32,6.7
55,6.8
26,3.4
29,3.2
47,6.7
42,9
46,6.2
34,8.9
53,5.4
59,14.5
47,6.4
39,6
41,10.9
21,1.6
40,14.4
37,5.4
33,4.9
66,13.5
21,0.9
32,7.3
30,4.9
49,9.4
51,5.2
42,6
44,14.2
41,5.7
46,12.2
27,5.5
48,6.7
64,8.3
45,14.2
35,5.6
39,8.4
44,8.4
29,5.1
32,9.5
57,6.6
46,10.1
47,13.1
21,1.3
42,5.7
29,6.6
43,13.3
38,8.3
56,8.5
53,14.6
34,7.2
19,0.5
38,6.2
40,13.6
42,6.8
59,6.7
46,5.6
29,2.9
30,6.5
26,3.7
39,5.6
32,7.9
51,11.7
24,3.8
28,5.7
61,13.7
26,3.4
41,6.5
56,5.8
25,4.6
47,9.4
34,7.5
34,6.9
46,7.6
52,10.8
28,5.2
39,6
28,5.1
28,5.8
63,10.2
27,2.9
34,6.7
24,3.1
27,2.4
43,9.4
51,6.8
33,7.7
31,8.8
56,8.7
65,13.1
49,5.8
57,13.8
33,5.6
50,10
43,6.5
28,4.5
39,12.4
27,5.5
33,4.9
42,10.1
47,12.6
51,7.6
26,4.9
29,2.7
48,10.9
49,6.5
58,13.6
49,14.3
49,8.9
21,1.7
29,3
53,12.6
63,5.8
31,6.9
32,6.8
36,4.2
49,6.4
59,10.2
32,4.9
27,3.9
27,4.7
36,5.3
48,5.6
58,6
28,3.6
62,11.8
56,11
23,2.9
34,6.5
23,2.3
26,2.7
48,12.2
29,4.3
44,13.7
36,7
21,0.8
59,14.5
38,7.1
31,5.4
22,1.9
19,0.4
55,7.8
53,14.9
33,6.3
36,5
45,6.3
48,9.1
43,10.1
45,6.6
58,10.4
60,12
43,9.4
37,5.5
35,7.8
57,6.6
63,8.7
40,9.3
42,7.2
38,7.6
53,12.3
54,14.8
32,5.2
22,1
58,8.7
25,4
55,14.3
45,10.2
44,6.8
46,6.8
21,1.9
34,8.3
38,6.5
41,10.6
52,14.6
56,6.3
46,9.1
41,6.8
58,10.2
33,6.4
62,5.9
32,8.5
68,15
41,6.9
23,1.9
61,13.5
53,13.1
46,11.4
51,13.7
47,11.7
22,1.8
25,3.7
60,11.6
66,11
34,7.8
50,11.4
62,10.5
30,7.8
23,1.3
44,12.6
52,12.4
62,12.5
28,2.6
24,3.8
56,11.4
21,2
35,4.8
32,3.5
32,6.1
37,9.7
50,8.5
34,10.9
50,11.8
32,6.3
54,14.4
60,14.1
41,7.2
33,3.6
36,7.9
42,13.5
31,8.2
49,6.3
34,9.1
56,8.2
34,7.9
25,2.5
51,11.1
59,11.8
29,2.9
43,12.7
53,5.7
42,5
41,14.4
49,14.9
39,5.4
50,12.6
31,6.1
46,9.5
62,13.7
56,10.5
33,7.5
24,1.6
58,8.8
55,9.6
38,9
45,13.1
50,9.1
38,11.9
24,2.1
30,5.5
28,3.1
46,5.4
23,2.7
41,10.3
67,12.5
45,12.6
47,9
27,5.6
42,14.9
40,13.4
29,4.7
33,5.3
41,14.1
61,11.7
54,13.7
54,9.7
33,7.6
62,10.1
26,3.1
26,4.3
27,5
62,8.4
27,5.6
59,6.3
47,7.5
34,7.5
47,7.1
46,11.8
30,4.1
39,11.8
29,5.1
42,9
43,11.6
58,10.7
65,8.1
58,6.8
52,7.9
42,13.6
46,13.4
60,12.8
36,6.2
46,6.6
33,9.3
28,4.9
40,15
47,7
24,1.4
59,6.2
18,0.1
34,9.2
31,8.5
43,8.2
37,6.3
57,13.5
58,12
40,10.1
54,8.8
57,13.5
63,5.5
36,8.4
37,8.9
35,4.6
40,5.8
35,4.7
47,8.3
58,10.2
37,11.8
35,4.3
51,7.2
31,7.2
41,12.3
34,4.8
28,5.3
56,6.5
41,10.4
43,13
41,7.6
45,13.4
32,9.4
49,10.8
56,10.8
44,13.2
49,12.6
43,10.9
46,9.9
32,7.7
63,12.3
56,9.8
53,8
47,8.3
63,7.1
22,2.2
32,7.5
19,0.4
38,5.8
49,11.3
54,12.7
58,7.8
57,8
36,12
22,2.8
42,15
46,10
30,6.8
24,2.3
28,6.4
48,13.9
58,6.7
25,4.1
44,14.1
37,6.7
38,6.9
32,4
65,9.8
33,8.8
55,5.7
58,11.7
41,8.8
57,13
43,14.8
49,13.6
28,3.2
55,12.4
37,11.1
23,3.3
22,1.4
23,2.2
55,9.3
37,10.2
60,13.1
46,8.7
27,3.8
58,11.8
54,13.9
47,13.2
30,5
31,8.4
45,5.3
25,4.7
59,6
57,7
42,6.4
34,4.4
53,12
32,5.8
56,6.8
39,10.5
42,9.8
39,6.4
44,11.9
39,6.9
53,11.7
58,10.4
31,8.6
30,5.6
54,11.4
42,14.1
50,9.5
43,8.1
33,6.8
28,4.5
54,14.9
26,4.6
62,13.9
20,1.4
54,5.9
51,5.8
21,0.8
34,4.8
25,3
50,5.7
40,12.2
28,6.5
58,10.9
50,8.2
26,2.6
26,5.4
51,8.9
60,12.7
25,3.7
31,7.5
40,14.9
26,4.7
41,6.3
36,7.8
33,7.7
28,5.2
25,2.5
52,5.6
25,3.7
21,1.9
28,4.2
49,14.9
60,9.5
41,7
60,8.6
38,13.4
50,13.2
49,9.5
41,14.5
26,5.1
51,6.6
49,12.7
23,2.6
39,4.8
60,6.9
53,13.7
26,4
63,12.2
25,4.1
59,13.5
44,5.4
44,5.5
61,12.8
42,9.8
25,3.4
19,0.6
39,5.9
45,9.6
49,5.1
36,4.4
48,9.2
55,13.1
40,10.1
36,5
45,10.3
41,6.5
53,8.1
40,10.9
27,5.9
39,7.5
39,13.3
33,4.9
56,11.7
46,9.8
44,11.8
41,14.9
33,4.2
20,1.4
41,5.9
36,6.1
41,14.9
58,6.1
52,10.1
30,3
20,1
40,6.1
38,10.8
52,8.7
60,8.6
45,14.7
54,14.9
33,4.6
28,4.5
26,3.5
33,7.4
63,11
48,9.8
58,8.6
48,8.4
31,5.1
56,7.8
35,9.5
49,13.7
26,3.4
36,4.9
36,6.2
59,13.5
44,14.2
54,10.7
28,3.9
57,12.9
25,2.8
61,14.2
38,9.6
42,13.9
42,7.6
38,9.3
30,6.1
41,13.6
43,14.1
53,11.6
43,6.2
31,8.8
54,5.1
27,3.4
42,7.1
57,14.5
24,3.1
27,5.7
31,6.9
65,5.1
37,5.5
49,5.4
51,8.6
20,0.7
29,4.4
25,4.3
33,7.9
41,14.2
58,12.2
51,8
33,3.9
43,8.3
25,2.6
39,11.2
54,13.7
44,11.6
41,5.5
40,12.5
45,11.6
62,13.3
48,6.3
23,1.6
67,8
42,9.2
26,3.9
57,11.2
48,10.2
35,7.4
61,10.9
52,9.5
54,7.4
52,9.8
27,4.2
40,13.9
22,1.4
37,8.1
64,14.4
65,7.7
38,4.6
58,14.9
46,14.7
48,6.9
65,12.8
33,9.8
36,5.5
43,8.4
25,2.9
55,9.4
58,11.2
34,8.6
21,1.8
38,11.7
58,12.2
40,10.4
47,6.8
28,6.4
62,13.7
25,3.6
29,4.2
54,14
48,9.9
51,7.6
59,11.5
54,5.9
25,3.5
59,11.6
41,11.7
27,2.7
64,14.5
59,8.8
31,8
27,5.8
41,7
53,14.2
40,11.1
29,7.5
31,6.2
51,14.1
41,6.8
38,11
62,13.6
30,2.8
54,12
45,12.4
39,9.1
26,2
38,7.5
52,7.5
40,14.2
34,3.8
39,8.1
52,6.7
38,4.8
41,10
24,3.8
39,12.5
54,13.4
42,13.1
32,3.3
55,6.1
38,11.8
33,5.1
53,6.1
35,6.3
28,5.1
49,8.3
33,10.3
41,5.5
55,12.1
49,5.1
22,1.5
64,5.6
40,11.9
45,5.3
27,2.3
46,13.6
43,9.5
34,9.1
42,7.3
26,2.1
23,1.6
44,6.3
43,5.9
50,7.6
32,3.3
36,11
42,7.2
48,12.5
48,14.5
42,8.1
31,7.9
62,12.6
20,0.7
32,6.4
47,12.6
45,6.9
27,5.5
51,9.2
56,6.5
43,13.3
51,9.6
38,5.7
54,9.7
44,8.4
38,5.6
45,8.1
37,4.6
58,6.1
34,7.4
38,10.6
62,9
50,8.3
64,6.1
38,13.1
43,10.9
51,10
23,3.2
26,3.9
25,3.6
39,7
37,12.7
26,2.9
55,15
58,10.6
36,8.2
29,2.6
48,8.8
47,5.5
47,14.3
29,3.5
65,7.3
54,12.5
34,5.7
58,13.9
34,9.6
65,14.1
40,13.6
38,12.1
55,11.1
39,8.7
61,6.4
44,13.3
48,7.6
65,10.7
37,6.6
46,11.4
43,9.7
34,8.5
36,10.2
46,8.9
64,7.4
39,11.4
36,6.8
38,7.9
22,1
54,8
43,7.7
54,12
23,2
38,4.8
29,6
30,7
44,13.4
32,7.4
23,3.3
43,14
28,4
30,5.3
46,10.1
28,3.8
49,5.8
46,12
28,5.1
43,5
25,4.4
45,13.5
49,11.4
33,6.4
27,2.6
29,3.8
34,6.9
30,2.8
28,2.6
38,12.6
35,11.3
48,10.8
54,8
53,14
41,7.2
37,10.5
51,11.4
21,1.9
18,0.1
40,14.2
36,11.6
29,4.7
39,11.4
28,4.2
63,14.5
62,11.3
23,3
28,6.5
51,6.2
52,6
38,9.1
33,4.3
44,14.4
52,12
52,13.4
30,7.3
29,3
21,1
42,10.4
62,5.4
48,8.4
48,14.6
55,12.6
54,13.8
37,8.8
25,4.8
60,10
53,6.4
57,8.8
66,12.3
31,5.3
46,14.5
55,13
40,14.5
28,6.1
25,3.9
29,3.1
29,7.1
32,3.3
29,6.1
46,10.1
56,13.2
27,2.4
59,12.3
19,0.4
45,5
54,12.7
61,7.1
23,2
18,0.1
35,11.2
48,14.2
30,4.7
47,7.4
43,7.1
26,3.4
41,8.8
34,4.5
28,6.2
59,9.1
32,5.5
23,1.2
45,8.8
32,5.1
50,14.2
55,7
45,14.7
26,5.3
51,6.2
40,14.5
61,11.9
46,7.2
35,8.2
48,8.1
19,0.3
44,7.9
56,14
34,4.1
42,7.1
44,11.5
32,4.9
55,13.4
40,6.8
37,10
37,6.3
28,6.9
60,13.1
37,12.5
42,8.3
44,10.3
49,11
40,13.5
22,1.4
40,14.7
55,11.8
47,12.5
26,3.9
19,0.5
65,12.7
53,12.4
44,12.8
40,12.5
26,2.8
25,4.9
38,13.2
38,13.4
58,5.2
33,3.8
39,13.6
24,3.7
56,12
37,8.9
38,8.1
28,4.8
27,4
28,3.7
50,9.9
55,9.6
40,14.3
39,11.6
51,10.4
29,2.7
28,6.2
34,4
43,11.9
43,9
67,12.6
32,5.4
37,4.4
36,12.2
47,5.1
59,10.6
43,6.7
27,5
44,13.5
29,4.5
35,11.3
23,2.6
45,8.4
44,6
34,4.3
59,12.2
36,11.9
24,1.7
37,10
48,11.4
37,5.4
51,11.9
39,11.7
39,8.9
32,9
32,6.1
53,10.4
61,8.6
56,9.7
58,7.6
36,5.6
29,6.2
32,8.6
35,6.9
47,11.1
35,9.4
36,10.3
27,2.2
47,7.2
29,5.9
36,6
51,8.5
32,4.5
47,11.5
36,6.5
32,9.2
28,5.1
28,5
37,9.9
58,12.3
54,9.2
34,9.9
35,7.9
57,10.5
31,3.6
37,9.3
37,10.6
43,12.6
48,6.6
42,6.8
52,9
37,7.5
54,6.5
52,6.7
30,4.6
30,4.8
28,5.2
20,1.3
48,5.3
44,14.9
44,13.4
40,13.4
58,11.5
65,5.4
31,8.1
59,5.8
43,13.8
42,11.1
38,11.8
41,12.5
31,3.1
49,6.2
47,12
33,8.9
26,5.4
42,13.1
28,5.7
66,5.2
68,13.7
41,14.3
48,12.6
39,13.1
36,5.9
41,14.3
40,13.2
30,3.7
44,9.7
34,6.6
46,12.5
47,10.8
57,5.7
42,7.4
34,6.1
41,9.8
57,5.7
51,11.7
39,8.3
47,9.2
40,13.9
31,8.9
31,3.8
25,2.7
47,12.6
51,5.9
48,12.8
53,9.7
45,6.4
34,10.8
32,3.3
20,0.7
22,1.4
51,12.3
37,11.1
57,8.9
37,9.6
30,7.1
21,2.1
51,11.5
39,11.7
33,9.4
54,7.7
33,8.9
33,6.9
64,9.2
40,13.5
29,3.1
41,6.6
65,5
56,13
61,13
30,5.4
40,6.8
24,2.7
45,13.5
44,5.3
53,14.7
44,5.5
29,5.2
38,10.2
27,6.1
49,14.7
56,13.4
21,2
48,11.2
60,8
32,9.6
34,4.7
56,13.4
64,14.7
31,7.5
59,5.9
39,7.7
55,5.8
35,10.2
46,6.7
37,7.8
52,9.8
49,12.3
54,13.7
64,13.3
21,1.2
63,5.8
27,6
36,12.1
48,10.5
32,7.1
33,4.9
53,14.8
62,5.6
58,5.8
32,8.7
59,14.5
53,7.2
40,7.5
26,5.5
23,2
28,6.1
51,9.5
23,3
34,10.4
50,11.2
56,9.5
39,6.1
64,8
26,2.7
30,5
28,5.4
44,15
62,14.3
24,2.3
61,5.5
23,3.1
66,5.3
37,8.1
38,6
34,5.9
39,8.5
26,4.7
44,12.8
35,8.3
45,12.4
26,2.4
39,10.3
34,6.5
31,8.6
25,3.7
39,5.2
51,9.6
50,8.3
27,2.3
58,13.4
69,6.7
54,10.1
24,3.6
59,14.7
42,14.6
46,13.7
52,5.8
49,12.5
61,8
66,6.5
52,11.5
54,7
47,10.2
50,9.3
18,0.1
44,14.6
35,11.4
42,13.6
45,9.4
49,10.4
26,2.2
25,3.4
56,10
23,3.4
48,11.5
25,4.3
20,1.3
26,3.8
49,5.1
50,11.9
26,2.1
49,5.5
54,6.5
60,5.5
46,12.5
63,10
40,7.7
32,9.2
43,12
49,11.3
57,7.3
50,14.5
31,7.6
52,15
44,10.3
28,3.9
31,3.8
28,3.4
19,0.4
20,1.3
44,5.3
42,13.1
55,11.7
20,1.3
37,12.7
58,13.7
24,3.9
37,11
34,3.7
41,14.2
54,9.2
28,6
63,6.5
26,4.7
48,6.4
44,12.9
57,10.3
52,14.1
20,0.6
44,13.3
40,5.5
23,3.3
34,8.4
52,8.5
31,4.7
29,3.1
36,10.2
54,12.7
34,3.7
36,8.8
55,13.6
33,8.6
57,9.7
56,14
50,7
52,8.2
39,9.1
54,8.7
28,6
32,8.6
56,8
52,9
64,7.8
23,3.1
46,8.9
27,3
43,10.1
65,5.1
33,9.7
20,1.5
45,11.6
28,4.2
29,6.2
45,12.2
50,8.6
50,8.9
25,1.8
43,9.3
52,6.4
42,7.9
49,5.3
42,7.6
40,6.8
53,6.5
19,0.7
39,10.5
25,3.3
36,5.6
47,12.9
46,11.2
39,10.2
32,4.1
37,10.9
21,1.8
51,12
63,9.1
30,7.3
45,13.4
49,7.4
45,10
30,7.2
38,10.8
20,1.4
54,12.5
47,11.1
35,5.2
63,9.5
41,5.1
34,5.1
33,6.9
49,12.3
35,3.9
30,3.7
59,10.9
56,6.4
40,10.2
20,0.7
47,11.8
29,4.9
32,3.4
21,1.7
46,12.8
31,3.2
45,10.9
61,7.8
20,0.6
51,11.8
39,7.7
59,11.1
30,5.7
33,7.3
31,8.1
34,6.8
63,15
38,5.3
53,10.9
47,9.3
54,7
19,0.3
41,12.6
33,5
31,4.2
58,5.3
40,9.8
68,5.5
28,4.9
49,12.9
39,10
47,6.3
39,6.8
44,14.9
42,12.5
30,7.7
49,10.2
20,1.3
30,7.3
42,7.8
24,3.3
25,3.3
47,6.6
23,2.6
39,7.8
41,9.1
34,4.1
42,7.7
30,3.6
34,9
31,3.7
37,9
39,14.1
21,2.1
45,11.4
65,11.8
26,2.9
34,7.3
59,5.7
40,7.6
49,5.4
57,7.6
50,13.8
50,13.5
53,6.2
36,9.7
51,6.8
56,6.7
46,10.9
45,5.1
46,10.7
42,6
24,4.1
46,11.2
39,5.6
30,6.7
48,11.3
45,5.1
36,11.9
29,5.4
46,14
56,10.1
33,5.1
44,10.6
52,13.7
20,1
33,10
38,6.2
64,13.6
51,7.5
23,2.5
41,8.5
31,3.5
61,9.9
22,2.3
44,14
28,5.9
53,7.7
38,13.3
22,2.6
38,5
38,6.7
63,7.2
37,6.1
28,3.8
50,12.5
57,12.7
38,7
56,8.7
44,7.3
48,14.2
24,3.1
57,12.1
24,3.4
45,10.7
23,1.3
25,4.8
40,5.5
33,4.7
37,4.6
33,5.5
28,6.6
48,9
22,1.5
32,6
31,8.3
34,6.4
42,6.8
20,1.2
68,12.8
30,3.7
28,5
60,12.4
46,8.6
46,8.9
49,12.3
36,6.7
35,4.1
49,10.4
60,6.8
32,6
50,5.7
54,14.5
41,13.5
19,0.6
37,5.6
26,4.5
25,2.5
34,6.5
33,7.8
33,8.2
46,10.4
31,6.3
37,9.8
43,7.2
65,9.1
56,8.8
27,4.1
27,4
55,9.7
59,14.9
29,3
33,7.4
21,0.8
36,4.1
51,8.4
63,12.1
52,8
42,11
48,5.3
34,5.1
45,6.6
52,5.6
38,9
43,10.1
32,3.6
57,10.9
38,11.2
56,13.8
42,10.2
50,14.6
42,13.1
33,6.3
26,4.7
30,2.8
43,13.5
49,11.8
22,2.2
32,5.6
45,8.6
49,10.3
59,13.5
56,12.7
36,12.1
53,8.5
30,4.3
51,6.4
42,12.8
57,7.6
38,12.3
52,13.2
54,11.4
27,3.1
52,12.1
52,9.7
32,6.4
47,12.8
51,9
36,11.6
21,2.1
33,7.9
60,6.7
30,3.2
33,7.5
31,6.9
35,5.2
61,14.4
52,9.5
62,12.9
27,2.3
39,13.9
58,11.1
60,7.8
54,6.2
30,4.3
48,10.9
53,13.8
54,11.8
38,8.5
57,9.3
63,5.9
41,8.2
62,6.8
36,10.2
49,5.8
34,9.1
41,10.8
53,6.5
39,7
51,6
27,5.1
52,8.7
62,7.3
54,9.1
44,10.2
55,12.1
19,0.6
35,10.3
41,13.2
19,0.4
58,9.4
35,4.1
55,10.1
60,5.5
46,9.5
37,10.4
48,5.4
45,14.5
34,7
40,11.6
50,9.1
41,6.6
37,10.7
49,13.3
53,5.1
56,13.7
66,10.7
67,12.5
37,10.9
38,7.8
41,8.3
51,6.9
50,13.6
43,10.5
54,13.2
35,5.6
24,3.7
37,6
57,6.8
35,5
37,11.7
32,7.7
24,1.5
56,8
46,5.2
57,8
46,13.9
37,7
35,10.2
45,11.8
30,7.7
52,5.2
31,8.4
38,9.7
42,12.4
37,11.3
44,5.2
32,6
41,7.4
23,1.4
34,7.1
40,14.5
36,10.8
32,8.9
31,3.1
36,7.4
38,5.9
44,5.3
39,6.3
46,12
23,2.1
48,14.9
35,10.2
29,4.5
48,8.3
43,10.7
35,8.1
38,11
58,7.8
42,8.8
39,12.4
40,8.7
35,10.9
38,10.7
35,6.3
38,6
37,11.5
57,5.6
42,11.8
53,13.3
51,7.3
26,4.6
29,5.5
41,14.5
35,4.1
29,6.8
36,6.5
27,5.8
26,4.6
35,11.4
40,13.5
31,8.5
36,5.1
43,9.4
57,6
66,13.6
42,14.6
43,6.4
29,4.7
33,6.5
27,3.4
38,10
24,2.8
31,7.1
28,5.3
49,13
49,5.4
27,5
39,11.4
58,14.9
60,14
36,7.9
35,4.3
66,11.8
44,13.4
18,0.1
31,3
41,7.6
47,11.2
26,2.5
47,5.4
29,4.1
51,6
42,8.2
31,8.2
60,6
45,13.5
54,8.3
26,5.2
58,15
30,7.2
45,11.5
37,11.9
53,5.1
29,3.3
46,7.7
38,9.5
36,4.5
62,12.2
29,5.3
62,10.6
20,1.3
61,6.5
39,6.4
25,4.5
32,8.6
40,10.8
24,2.6
39,12.9
22,1.7
33,10
38,5.5
59,13.7
63,6.7
52,12.5
40,10.7
61,12.6
58,5
58,5.6
56,5.7
38,5
25,3.3
48,14.1
26,2
42,9.8
41,13.4
20,1.1
42,6.4
48,7
40,9.9
48,14.3
30,7.1
23,3.4
63,11.2
27,6.1
40,8.5
58,8.3
27,2.6
40,6.6
30,2.9
25,1.8
33,8.6
39,9.1
40,10.8
46,14.5
60,5
61,13.8
53,5.2
36,11.5
48,10.5
37,7.2
47,6.3
24,1.7
48,9.8
34,6.3
26,5.5
20,0.6
43,9.7
47,8.8
48,9.6
35,5.7
41,12.4
45,9.5
56,9.7
33,9.8
38,9.8
39,14.3
46,12.2
53,13.7
56,12.6
24,1.4
51,12.4
45,10.9
44,10.2
55,12.1
27,2.3
42,14.1
32,8.1
40,9.8
33,6.4
42,5.8
21,1.9
49,10.2
47,10.5
49,7.6
46,7.5
39,10.6
32,6.8
27,4.2
29,6.9
24,1.4
38,8.9
35,4.4
31,4.8
27,2.5
36,12.1
56,12.7
49,9.2
33,8.7
31,6.6
50,7.5
22,1.9
34,10.4
38,10.1
47,10.4
36,11.2
31,8.7
21,0.9
62,11.7
42,12
51,13.3
56,7.1
56,14.4
38,4.8
45,14.7
47,9.8
26,3.2
45,11.2
39,12.6
53,11.4
40,8.5
44,9.6
29,3.6
34,5.6
57,5.2
52,12.4
31,7.4
51,11.6
32,8.1
32,6.3
26,3.1
35,6.1
55,6.4
45,11.1
44,8.9
48,12.4
33,6.3
37,7.9
45,11.2
23,3
32,3.7
65,8.9
66,12.2
50,6.1
42,5.8
20,0.7
45,8
60,14.3
64,11.9
40,11.1
36,4.2
30,3.3
56,8.1
29,7.3
28,6.3
36,11.6
57,9.9
51,14.5
24,2.7
45,7.4
28,6.7
46,5.6
56,11.4
47,7.3
28,5
54,8.9
47,5.7
57,10.2
56,14.4
34,5.8
55,9.3
23,2.7
36,10.4
27,4.5
50,9.8
26,2.1
42,9.1
51,9.2
57,12.9
33,5.9
27,5.6
47,14.8
51,10.3
34,4.5
46,13.1
31,7.7
45,8.8
34,7.2
51,14.7
37,7
63,5.2
30,3.4
21,2
33,5.6
48,13.2
38,10.5
48,5.7
33,4.9
51,8.3
57,8.5
60,11.6
51,13.1
47,5.1
50,6.4
55,12.9
53,7.7
56,5.8
39,13.9
61,9.8
33,6.6
52,7
27,3
30,6
55,11.6
39,12.7
66,11.2
49,10.3
43,14.9
48,7.1
45,14.5
35,8.2
43,13.2
60,10.4
57,9.5
32,4.4
19,0.6
37,10.9
45,8.4
41,9.1
30,6.3
30,3
27,5
36,10.6
50,5.2
41,14.2
30,5.8
38,13.1
43,7.9
60,6
33,7.6
60,9.7
57,8.2
27,2.6
31,5.2
39,9.4
41,11.1
42,5.2
33,4.7
46,8
44,13.4
43,14.4
43,5.2
39,8.5
22,2
26,4.7
50,13.9
30,6.2
51,6.5
36,12
27,3.5
23,2.2
36,7.8
33,7.9
57,14.5
37,4.4
45,14.4
37,4.9
24,3.5
38,13.1
33,4.2
61,12.1
33,7.4
36,7.4
53,10.8
64,6.6
28,6.3
35,5.5
46,6.4
44,8.1
34,4.3
35,8.4
51,11.8
54,11
56,6.9
46,7.3
40,5.5
51,8.7
32,6
53,5.1
57,6.7
30,3.6
39,8.2
44,9.6
52,8.5
41,9.1
44,12.3
65,14.7
49,13.9
62,12.9
50,14.5
49,11.3
31,8.8
56,14.9
52,8.2
32,4.3
54,8.3
36,6.3
40,8.4
38,7
43,11.9
29,6.3
25,3.5
41,14
46,9.4
45,12.5
39,8.8
47,14.5
37,9.3
53,9.5
43,11.7
63,14
28,2.9
54,7.3
30,8.2
50,10.9
39,7.6
26,5.4
33,8.2
38,9.8
19,0.3
68,9
50,14.8
39,11.2
35,10
51,5.2
27,4.8
22,1.7
59,14.3
65,7.7
59,12.4
36,8.6
45,13.4
32,8
55,13.7
32,4.2
49,10.4
54,11.7
39,12.7
64,7.9
40,13.8
48,14.3
36,4.8
49,7.4
47,13.5
47,13
45,11.5
57,9.8
54,11.5
59,9.6
21,1
62,12
35,10.1
55,8.2
33,8
56,11.6
59,7.6
26,5
51,9.7
60,9.2
28,4.1
36,9.8
25,3.9
21,1.2
48,14.2
39,7.8
34,6.6
41,12.2
27,2.3
36,6.2
45,13.8
59,10.5
38,6.8
24,1.8
36,9
40,15
27,4.8
19,0.6
40,10.6
32,7.5
30,3.2
32,3.6
29,4.4
29,5.7
50,6.8
38,12.5
21,1.3
38,9.7
23,2.4
52,14.6
33,6.6
41,6.4
50,8.7
40,9.2
44,7.9
37,9.5
49,5.7
68,13.7
28,4.9
56,13
24,3.5
34,7.9
31,5.5
22,2.1
35,6.2
25,3.1
31,3.3
50,6.4
41,12.5
42,6
33,9.3
26,2.6
59,10.7
55,8.5
40,10
26,5.5
24,1.5
41,8.4
67,10
32,8
25,2.3
36,8
53,10.2
34,6.3
44,10.6
47,6.5
28,5.8
47,6.9
62,7.5
33,3.7
36,6.6
44,14.3
46,13.5
35,4.2
59,10.9
23,2.7
56,14.5
36,10.7
46,6.9
41,8
39,5.4
37,4.6
50,6.1
63,10.5
34,10.9
50,11.9
34,5.7
49,8.6
63,6.2
37,5.8
41,10.5
51,14
25,2.7
59,9.4
36,6
47,10.5
29,6.8
47,11.7
41,9.7
32,6.6
49,9.6
28,4.5
38,7.2
40,14.8
45,13
61,7.9
60,7.2
51,5
62,11.4
26,2.2
28,2.5
59,5.5
65,10
63,7.9
37,4.7
21,1.8
43,11.3
61,6.2
49,6.3
44,13.1
45,6.8
39,7.2
48,10.1
47,13.5
60,6.8
42,9.1
21,1.4
20,1.2
25,2.8
48,10.9
58,10.6
53,7.5
43,5.9
61,12.9
36,10.9
36,10.3
52,6.2
44,9.2
39,13
23,1.2
48,10.9
35,11.2
40,5.3
34,5.9
38,10.7
22,2.1
40,9
32,8.2
27,4.4
27,5.1
29,5.7
48,8.6
38,7.2
27,4.6
55,6.6
44,6
57,14.4
31,7.5
28,3.6
28,3.6
37,11.6
55,8
40,7.4
39,7.6
45,7.3
39,8.8
62,12.3
27,5.1
47,12.8
50,6.9
45,6.6
38,7.2
61,14.8
41,12.9
38,13.4
50,14
38,12.3
29,4.6
31,8.9
51,5.5
53,5.7
30,6.4
43,8.8
27,4.1
40,12
22,1.2
58,14.6
21,1.7
38,12.5
59,12.8
43,7.6
40,13.2
30,6.6
24,2.7
47,9.3
30,3.2
43,13.5
58,5.3
51,11.6
50,6.9
60,12
33,5.8
31,8.1
56,7.2
39,7.9
31,8.8
49,14.7
56,7.9
34,7.2
25,4.5
29,3.3
20,0.5
60,9.2
48,11.2
54,14.4
44,14.4
60,11.1
29,3.6
46,8.2
40,6
36,8.9
45,10.1
35,8.1
26,2.7
32,8.9
49,7.3
48,5.7
47,5.8
46,8.8
50,6.9
35,7.1
47,12.4
19,0.8
29,6.6
35,4.8
55,14.9
37,4.7
21,1.9
43,9.3
55,9.1
29,4.2
64,7.8
29,6.7
61,9.2
35,10.8
41,5.3
32,3.7
54,7.9
61,5.3
39,11.3
48,6.9
39,12.9
65,11.3
24,1.5
64,5.4
46,14.9
60,11.2
45,12.5
35,7.3
39,5.3
52,13.1
21,1.6
26,1.9
32,7.3
28,2.8
49,11.6
32,3.2
47,5.3
35,5.7
40,14.5
56,14.3
51,10.7
60,10.2
69,10.7
62,5.7
32,5.5
39,7.8
27,5.3
24,2.5
31,6.3
63,7.4
33,5.7
46,7.5
40,13
45,11.2
42,8.2
63,9.5
34,7.3
37,11.2
53,6.7
47,5.2
57,5.9
51,8.2
36,12.1
50,14.3
33,8.9
26,3.8
40,11.1
39,5.6
44,7.1
58,7.5
36,9.8
50,6
36,4.2
49,14.7
34,8.7
25,4.8
47,12.7
25,2.1
30,7.4
27,3.8
33,4.9
48,8.6
23,2.7
35,7.7
41,11.6
46,12.8
52,9.7
33,7.7
63,5.5
40,6.9
49,9
42,11.5
46,10
42,13.7
38,13.2
55,5.5
64,14.6
37,12.1
56,5.6
56,10.9
39,12.4
56,13.4
28,4.8
45,11.2
58,8.8
57,6.4
36,9.2
34,6
47,8.6
44,7.5
38,8.1
31,5.5
40,10.3
58,10.7
59,8.9
31,4.9
43,9.5
52,13.4
45,12.9
50,11.6
34,7.8
29,2.9
31,6
47,6.9
35,7.7
32,7.2
43,5.8
40,6.1
60,9.5
39,11.7
47,10.5
49,8.7
62,14.5
28,3.8
51,14.9
47,11.2
39,11.2
44,5.6
33,4.4
46,10.1
31,4
56,5.2
27,5
43,10.8
28,5.1
59,14.1
35,10.9
50,10.1
34,9.6
44,9.5
45,13.8
52,5.5
43,9.2
34,4.7
41,9.8
50,6.5
29,2.8
50,14
30,6.4
47,7.4
48,13.5
46,12.1
38,8.6
32,5.4
66,13.7
31,3.8
24,1.4
54,13.3
59,11
61,14.6
39,14.3
54,8.5
30,5.4
39,9.3
31,4.1
35,9.6
34,3.8
32,8.2
22,1.6
30,7.4
62,7.8
31,6.5
57,5.8
42,14.2
53,6
45,10.5
63,6.3
63,8.6
33,6.5
32,7.8
33,9.3
35,5.5
67,6.3
33,9.7
45,10.4
44,13.4
23,1.3
61,7.9
52,6.3
34,7.1
27,2.2
42,12.4
39,13
53,12.9
33,7.4
39,12
53,13.8
28,2.9
44,11.1
66,7
42,8.8
52,14.2
38,5.1
60,5.9
24,2.6
30,3.5
48,5.8
44,7.6
43,10.4
43,9.7
29,4.2
48,9.5
51,14.9
52,12
53,9.1
50,10.7
41,5
52,6.2
41,11.3
50,6.1
54,11.3
34,6.8
38,5.9
34,9.7
39,11.1
32,7.4
30,7.3
26,2.5
51,11.6
19,0.6
27,3.7
33,4.9
56,12.7
25,2.7
58,5.6
42,10.2
57,5.7
44,13.9
25,4.3
64,10.2
34,5.5
45,5
41,14.4
53,8.4
27,4.5
26,4.7
55,13.4
56,12.7
21,1.2
30,7.3
37,9.9
30,6.2
42,13
46,10.9
51,6.5
35,11.6
41,9.3
62,8.8
55,12.8
46,9.3
42,12.7
33,3.8
39,12.2
52,12.5
35,11.6
50,14.8
43,13.1
36,5.3
49,6.3
36,5.9
44,7.2
54,10
52,7.6
37,10.5
35,4
46,5.4
34,4.3
24,3.2
49,10.4
61,13
29,5.8
28,3.5
30,4.4
52,12.2
40,14.1
55,8
62,12.9
25,2.8
39,8
54,8.7
57,6.4
26,2.1
32,8.3
22,2.8
33,4.2
46,7.6
47,8.8
42,6.5
20,0.9
40,5.6
62,8.4
46,5.4
49,13.6
38,12.5
44,5.6
36,11.7
43,12.3
23,2.7
49,9.4
25,2.5
35,10.2
38,7.1
45,6.4
37,9
47,12.7
22,2.7
26,2
56,13.7
50,11.9
38,12.7
41,11.5
54,13.2
22,1.1
36,4.3
48,6
42,9.2
40,13.9
32,5.4
34,10.9
49,10.5
29,6.7
35,4.5
27,3.8
38,4.9
30,8.1
43,11.7
50,7.6
36,12.1
36,10.1
63,5.7
51,5.9
57,12.5
58,8.2
44,10.3
68,5.2
48,8.4
32,3.3
42,6.4
49,10.7
27,3
32,9.2
49,7.3
32,7.6
38,9.3
60,10.4
40,12.4
64,7.7
56,10.3
20,1.4
64,10
41,10.5
64,5.4
46,10.3
42,5.3
54,9.4
48,5.3
37,4.8
45,13.1
28,3.4
58,10
26,4.7
29,5.6
25,3.4
31,5.3
30,7.7
33,5
30,4.2
40,6.4
28,4.7
42,11.6
38,9.7
53,13.1
34,8.8
28,5.3
29,5
55,6.1
39,8.4
35,6.4
49,11.6
44,6.7
60,8.2
46,12.6
55,8.1
62,8.2
25,3.7
53,14.4
63,6
37,6.2
38,9.4
53,8.4
53,7.1
51,10.3
30,6.2
35,6.1
59,7.5
57,10
21,1.1
61,12
61,5.5
41,14.6
57,6.6
31,7.4
40,7.3
63,10.5
46,10.7
28,5.2
42,10.4
39,7.3
51,10.9
42,13.7
44,15
52,10.3
50,13.6
27,4.5
46,8
43,10.1
21,1.1
38,13.2
48,6.1
50,12.6
60,8.8
25,4.6
27,5.6
43,9
25,3.4
49,13.5
20,1.2
29,4.7
60,6.9
45,14.7
45,14.2
42,10.2
39,13.5
35,4.3
33,6.7
32,9.4
50,9.3
30,4.6
55,9.9
24,2.3
60,7
61,11.4
55,7
56,5.4
29,7.5
46,9.8
51,12.6
39,5
47,6.7
60,14.7
27,3.9
46,9.3
34,8.9
54,10.3
32,8.8
31,3.3
24,1.6
25,4.3
22,1
25,2.9
67,9.6
46,9.2
55,6.6
56,14
49,14.7
41,9.7
50,9.2
34,8.1
37,9.7
30,3.2
34,8.7
61,10.7
66,6.5
63,10.9
63,11.5
52,11.7
33,4.7
64,14.2
60,6
48,11.6
27,4.1
47,11.5
21,1.4
33,4.4
62,11.1
32,8
40,14.7
29,6.6
35,11.6
35,6.1
39,5.1
32,3.9
33,3.6
59,7
48,13.6
18,0.1
25,2.4
46,13.8
41,11.5
60,5.3
30,4
27,3.2
27,3.2
40,5.5
42,6
47,11.6
41,10.6
35,5.3
36,5.4
38,8.8
53,14.7
44,6.3
51,14.3
52,10.1
52,8.3
30,4.5
36,9.2
67,6.6
40,7.1
38,9.7
51,7.2
35,9.3
52,13.6
40,12.9
42,11.9
49,10.7
65,12.8
19,0.6
62,10.6
57,8.4
48,13.7
54,14.1
48,13.1
33,3.5
38,7.3
51,5.8
46,11.6
57,11.5
24,3.6
30,5.1
39,6.4
63,6.5
35,5.8
53,11.1
26,3.7
40,10
61,9.5
49,9.4
43,14.4
52,10.3
24,3.6
37,10.3
21,2.2
33,3.6
24,3
51,8.5
28,4.9
56,5.8
61,14.7
48,9.7
47,5.2
42,6.5
32,6.6
28,4.2
58,13.9
29,6.3
51,13.6
60,9.6
38,10.3
61,12.9
18,0.1
55,10.3
68,5.2
41,13.8
44,12
56,14.8
25,4.5
56,12
37,6.5
29,5.2
24,1.7
22,1.7
36,9.4
48,11.4
40,5.2
51,12.4
33,4.3
38,10.8
29,4.8
67,13.6
27,3.1
57,11.5
43,13.1
38,8
44,11.3
62,7.7
32,6.1
41,8.7
33,6
45,14.1
53,10
47,10.3
37,9.4
44,14.2
22,2.7
59,12.9
26,5
45,8.1
42,7.7
47,11.2
54,14.3
44,12.8
28,6.1
35,11.3
43,8
46,12.1
56,9
37,10.5
47,5.8
33,9.1
42,8.2
64,6.9
28,3.4
48,10.7
42,8.3
45,12.3
65,13.9
54,11.3
57,7.5
43,12
61,8.6
40,9.6
46,14
55,7.7
42,5.4
28,2.7
34,9.2
67,6.8
60,11.7
63,13.3
35,7.9
41,11.2
30,5.2
45,10.1
30,4.2
46,5.5
39,8.2
52,7.6
57,12.9
38,12.6
28,4.9
43,14.9
28,2.4
27,5.1
44,10
64,7.6
45,9.5
43,8.1
45,10.2
35,10.3
25,3.1
41,7.7
27,3.1
52,12.8
56,9.2
52,13.9
48,5.3
32,4.8
62,12.5
42,11.1
25,2.2
36,10.1
39,5.3
47,13.4
39,6.8
38,12.8
52,11.5
50,10.3
40,9.6
50,7.4
30,7.9
31,5.2
33,7.6
27,4.6
23,3
58,5.7
45,10.3
52,7.9
37,11.3
54,14.2
19,0.5
44,6.9
55,7.3
44,6.2
31,8.2
45,7.7
47,5.9
42,14.2
32,6.4
27,3.5
48,14.3
64,11.1
40,6
26,4.1
40,6.5
32,7.3
43,6.1
38,9.2
46,7.3
33,10.1
41,5.8
31,6.4
50,14.1
35,9.3
20,1
38,11.6
42,14.6
24,2.2
58,14.5
60,7.5
50,5.2
28,6.7
35,9.6
36,8.6
35,6.7
47,11
61,11.8
54,10.5
32,5.5
33,6.6
66,9.5
34,7.8
46,5.5
25,3.2
58,6.2
57,14
25,3.3
65,14.3
58,14.3
42,10.2
61,14.2
58,11.2
39,11.3
52,6
26,1.9
29,4.8
34,10.6
60,5.3
33,7.1
37,12.1
45,14.4
34,7.8
55,8.5
24,3.2
51,6
28,4.2
24,3.1
61,12.9
50,5.7
52,12.6
44,8.1
26,5.1
30,6.2
33,6.7
28,5.3
28,4.3
24,1.6
49,8.5
32,8.4
30,7.2
37,8.9
44,10.6
40,13.3
57,8
40,5.5
32,6.5
48,12.5
28,4.5
30,6.2
42,9.9
35,5.3
61,5
42,7.5
58,9.6
54,10
30,2.8
42,12.1
45,11
28,3.8
46,14.2
53,6
33,6.1
34,9.8
35,8.5
46,9.3
33,5.3
53,13
45,7.6
28,3.6
49,12.1
42,9.4
38,11.3
36,8.9
63,9.3
51,9.3
44,10.1
52,13.2
45,10.5
42,13.1
27,5.6
43,12.3
38,12.3
53,9.5
29,5.9
38,7.4
34,6.3
57,12.6
36,11.7
62,13.8
25,3.9
61,7.6
40,6.9
34,9.5
28,4.2
51,11.6
61,14.7
42,10.4
44,6.6
27,2.2
34,10
58,10.5
32,6.3
45,6.6
27,5
58,14.3
58,9.5
62,6.2
46,11.9
46,6.4
45,13.1
41,14
55,6
30,3.6
44,10.9
54,15
64,6.1
51,9.8
41,14.3
50,7.9
50,10.9
36,6
47,9
53,5.7
52,10.2
57,10.3
60,10.7
49,11.2
36,5.6
32,7.1
25,3.5
28,6.9
32,8.4
32,5.1
35,6.9
44,5.7
30,3.2
32,9.5
41,13
28,4.2
52,12.5
43,7.7
38,5.7
32,9.6
57,12.1
57,11.3
58,10.2
52,6.2
30,7
20,1
54,12.3
50,7.5
30,5.9
44,12.1
44,10.2
62,6.8
50,12.1
49,5.2
48,10.1
31,5.6
55,9.8
20,0.7
56,5.2
46,6.1
37,9.1
31,3.3
28,5.3
50,5.6
39,9.2
22,2.1
59,8.2
42,8.3
41,12.3
36,6.6
32,9.3
33,7.3
48,11.6
56,8.5
45,11.6
31,3.5
40,14.3
31,3.2
42,10.3
51,10.9
27,4.7
47,10.1
20,1.4
26,4.5
29,4.8
49,8.3
24,1.5
22,2.3
33,5.6
50,14.3
24,3
23,2.6
57,14.9
33,8.5
33,7.4
31,8.7
30,5.5
35,5.1
20,1.1
62,11
35,7.7
24,1.7
24,1.8
34,7.9
63,14.4
39,7.2
38,11.6
53,13.2
44,5.9
39,12.5
51,14.8
60,10.6
35,8.7
56,6.7
52,13.3
49,8.6
43,12.3
52,9
44,9.3
47,13.2
54,10
66,11.2
21,1.7
30,4.2
23,1.5
32,3.7
39,7.6
55,5.2
49,12.9
50,7.6
58,5.9
32,6.6
44,12.9
29,4.7
56,6.8
26,3.2
41,7.9
36,6.6
36,10.3
29,2.8
46,7.4
50,5.5
35,9.5
60,9.7
32,5.6
38,13.5
54,6.5
35,6.2
26,4.2
24,1.4
43,6.2
67,9.2
25,2.3
41,14.3
26,4.9
53,10.2
41,6.3
39,5.4
47,11.4
35,6.9
33,10.1
22,1
45,10.7
49,12.1
41,8.6
54,5
49,10.8
54,13.9
35,8.5
31,4.4
59,8.7
59,8.2
29,7.1
49,13
36,5.3
52,9.2
47,14.6
27,6.2
33,7.4
21,1.8
44,7.7
41,13.4
57,7
29,6.6
61,7.3
54,5.8
36,9.3
25,3.1
49,5.6
34,9.3
50,9.9
53,15
28,2.6
68,11.4
48,12.1
30,6.3
50,9.5
26,5.5
40,10.4
59,12.9
20,0.8
28,5.3
64,8.8
23,2
35,5.4
21,1.4
39,11.6
53,6.8
41,7
38,9
47,11.9
33,3.6
37,5.8
34,4.3
54,13.3
39,6.8
23,1.8
48,6.3
31,7.7
25,4.2
33,8.6
64,11
52,8.3
55,9.5
29,4.9
66,8.5
35,8
46,6
44,10.1
34,5.2
27,2.8
25,3.8
64,13.1
29,6.8
60,9.8
42,7.7
31,4.5
60,8.5
58,14.3
49,10.9
59,12.9
31,7.4
51,8.7
45,9
54,7.5
55,12.2
41,14
43,12
24,2.1
44,13.7
43,7.6
36,10.9
37,6.1
32,5.6
38,10.7
59,12.2
22,2.6
39,12.6
38,6.3
52,13.9
50,9.6
41,12.1
49,14.7
53,8.1
26,1.9
34,9
36,7.2
65,5.1
29,6.8
65,5
62,9.4
49,6.2
45,5.6
33,7.8
57,8.3
23,2.9
39,12.8
51,6.3
52,13
60,12.5
37,7.3
44,13.4
47,8.8
51,6
20,0.6
41,7.5
53,14.6
54,13.4
29,4.3
24,2.9
29,6.6
50,14.3
68,8.9
27,2.7
49,10.5
40,14.5
41,14
41,11.8
26,2.8
57,6.7
52,8.8
32,4.1
37,8
27,4.4
41,11.4
40,14.6
26,2.7
63,10.9
57,5.7
31,8.8
47,6.5
52,8.6
37,8.4
40,9.2
48,5
19,0.3
63,10.5
44,11.7
31,5.4
42,5.2
36,9.6
54,8.8
60,5
47,9.7
55,12.6
24,4
38,6.7
52,12.1
29,6.7
41,10.9
45,8.5
37,9.6
48,13.5
40,9.9
48,5.4
26,4.4
27,5.7
32,6
59,11.2
19,0.8
36,5.1
42,5.6
55,11.4
31,8.7
46,7.4
39,11.1
54,11.3
44,5
37,6
18,0.1
21,0.9
22,1.4
49,9.6
32,5.9
24,3.4
52,11
52,13.3
26,2.6
41,10.1
33,6.8
32,6.7
33,7.6
52,9.4
46,12.2
59,7.3
41,12.2
59,12.1
50,6
29,6.8
41,9
52,9.9
42,14
38,8.1
41,7.6
27,2.4
34,5.8
49,6.9
42,13.9
45,13.1
42,6.9
34,4.4
61,14.4
52,6.7
43,12.3
42,13.2
29,4.5
27,3.5
45,8.6
30,5.1
27,4.5
34,8.5
23,2.6
41,9.9
23,3.2
45,8.2
43,6.4
56,7.9
51,9.3
57,10.8
50,10.7
63,13.7
31,8.3
47,9.8
40,9.3
42,13.6
39,5.6
48,11
57,6
39,7.7
31,5.6
57,8.8
42,6.3
54,10.7
35,9
49,9.3
29,3.3
59,11
29,3.9
38,8.3
33,9.2
54,7.3
24,1.7
28,4.6
35,11.6
27,2.3
65,5.7
50,9
48,9.4
33,8.4
26,3.1
28,3.5
45,8.2
39,7
46,11.2
62,8.9
62,6.9
53,12.2
29,5
19,0.7
50,12.7
56,14.5
39,6.2
54,9.4
28,5.1
26,2.1
50,14.5
36,9.5
50,13.2
43,6.4
53,5.9
20,1.3
51,14.4
46,14.4
49,9.1
64,12.8
39,10.2
53,8.1
52,12.4
18,0.1
42,7.4
26,2.2
28,5.1
30,3.1
57,5.8
26,3.7
31,5.1
38,6.5
41,6.9
30,4.3
41,9.6
40,8.8
43,7.1
40,12.9
32,7.4
38,12.6
29,4.9
26,5.3
31,7
56,10.1
49,7.1
28,2.9
47,8.6
24,3.8
40,12.8
30,5.5
57,13
39,11.6
40,14.8
36,8
42,13.1
42,9.7
39,12.4
60,7.2
58,12.5
23,1.7
37,4.9
38,11.3
30,4.1
48,10.4
36,6.3
39,14
48,12.7
61,6.2
59,8.7
39,8.8
55,5.6
49,7.9
32,3.6
44,11.2
48,12.3
39,6.9
25,1.8
65,7.4
47,6.6
30,2.9
55,6.6
52,5.3
47,11.3
52,5.4
40,11.9
57,7.5
24,2.9
46,10.6
52,13.9
37,12.8
53,12.9
43,11
36,9.7
45,7.4
43,6.7
46,14
27,6.1
55,12.8
61,6.3
22,2.5
34,7.7
25,2.3
43,9.6
40,8.8
37,8
29,6.9
50,11.6
49,10.2
57,5.1
40,6.9
40,7.3
53,7.5
59,6.2
28,4.7
38,10.7
22,2.8
64,12.8
29,5.1
50,12.4
21,1.7
59,12.6
40,9.9
38,7.2
41,5.1
42,5.8
48,12.2
38,8.7
35,10.2
38,12
53,6.2
47,13.3
43,11.3
35,6.9
48,9.4
32,4
40,9.4
44,10.3
51,9
55,5.3
18,0.1
40,11.3
52,6.4
43,12.1
37,7.3
60,7.1
32,7.5
38,8.7
47,8.8
39,8.4
36,6.1
21,1.6
46,5.4
40,13.6
47,9
43,14.5
40,11.3
27,3.5
50,11.5
51,8.9
57,6.2
41,13.8
25,4.7
53,14.8
58,14.7
25,4.1
22,1.7
22,2.6
53,13
58,12.5
62,10.7
41,13
21,1.1
36,6.8
49,11.4
58,6.5
53,6.7
46,5.1
67,14.2
33,9.8
44,8.6
37,7.5
34,8.4
55,7.4
46,9.6
64,7.2
36,9.6
54,14.3
37,12.3
54,8.2
42,14.8
34,7.3
58,7.2
34,9.1
44,13.4
57,13.8
64,14.8
50,8.6
28,3.8
34,6.7
44,10.7
27,5.2
54,13.8
28,6.2
21,1.5
32,7.1
33,8.6
26,3.1
29,7.5
45,5.8
51,11
46,11.8
48,7.3
26,3.2
38,5.5
42,12.7
41,14.8
45,13.1
59,7.4
59,7.5
25,2.6
62,11.6
40,13.3
33,5.4
31,6.9
67,9.2
58,6.2
37,12.7
52,9.8
30,3.2
37,9.4
44,9.9
57,13.2
53,12.9
43,10.1
62,10.4
38,7.4
36,10.3
56,11.3
34,3.9
44,13.4
29,7.3
53,10.3
24,3.5
39,6.5
22,1.2
49,13.1
31,5
39,10.6
60,14.3
26,3.5
20,0.7
40,6.9
35,5.9
28,4.4
24,4
39,14.3
35,5.7
54,12.9
40,7.4
36,11.2
27,5
45,9.5
45,9.2
35,7.2
28,2.3
54,12.7
53,7.4
42,8.4
35,10.1
47,14.7
46,11
50,8.5
57,11.8
29,6
22,2.8
30,6.3
52,8.3
50,10.1
27,3.9
54,7
46,5.3
43,9
39,8
43,11.4
45,6.1
56,13.9
48,12.6
45,9.5
58,8.5
45,11.9
37,5.4
44,11.5
48,13.2
30,6.3
37,4.9
34,5.2
29,6.2
21,2.2
46,6.6
47,9.2
46,8.1
38,8.7
35,4
30,4.8
53,10.8
62,7.4
33,6.6
59,11.7
29,6.8
33,5.4
41,6.3
48,12
26,4.1
42,8.7
40,11.2
50,8.5
56,11.6
39,6.5
35,5.1
42,11.6
48,9.9
53,10.5
26,4.9
56,14.4
53,8.2
53,10.1
31,3.8
60,9.9
25,3.7
39,8.9
49,5.4
43,12.9
21,1.7
49,12.6
55,13.9
22,1.1
22,2.5
37,9.2
41,14.6
43,10.1
55,5.8
42,8.5
37,9.6
48,7.5
60,12.5
58,11.8
25,3
46,9.1
34,8.2
53,11.3
44,7.4
36,7.1
29,3.8
36,5.1
39,13.4
27,5.2
54,5.1
29,2.8
50,8.5
51,14.2
43,14.8
54,12.7
44,10.3
34,4.2
34,5.4
22,2
40,7.2
48,13.7
25,4.2
31,4.9
25,2.1
45,11.1
65,11.2
40,14.4
39,9.8
23,3.5
25,4.5
39,6.3
35,5.1
23,1.7
43,5.2
27,3.8
35,5.2
51,5.5
49,15
55,13
21,2
37,11.6
51,15
44,7.3
62,6.9
56,12.2
64,11.6
37,9.7
48,9.4
39,7.4
46,13.5
54,10
20,0.9
22,1.5
57,9.9
41,6.6
46,7.1
42,6.5
31,6.7
53,8.5
48,6.5
42,7.2
50,8.7
48,6.5
18,0.1
35,8.6
28,3.9
43,10.9
37,9.9
40,10.2
54,5.9
56,5.5
47,6
43,7.1
40,8.2
45,6.6
20,0.6
48,10.2
41,7.3
24,3.8
53,8.2
39,4.9
48,12.4
30,8.2
46,5.5
41,10.6
39,11
59,9.1
48,8.7
65,9.8
36,4.6
21,1.5
64,9.5
51,13.6
23,2.7
28,5.7
35,5.2
27,3.1
30,4.6
37,8.1
64,8.7
27,5
26,4.8
56,11.7
53,6.3
27,3.3
40,7.1
39,5.3
32,6.2
32,5
49,9
60,14.3
34,8.8
61,9.2
50,10.3
59,9
27,5.7
42,13.5
37,6.6
47,5.5
51,11.7
57,12.9
57,13.5
29,3.8
40,6.1
32,8.8
47,13
41,6.6
55,13.6
18,0.1
38,9.4
38,7.4
42,12.7
57,13.7
31,4.4
43,9.9
58,14.3
32,7.5
43,8.4
21,1
27,2.2
55,12.3
31,8.1
51,13.5
46,10.2
47,10.6
28,5
31,4.3
31,5.1
49,5.2
24,4.1
49,13.7
51,8.9
50,10.8
57,13.5
23,1.3
61,10.5
28,4.2
38,8.9
60,6.3
24,1.7
52,8.5
45,5.3
30,7.7
64,14.4
50,11.7
50,5.5
48,9.8
41,11.3
42,7.3
41,8.1
33,4.8
30,3.9
27,2.7
51,5.4
52,9.4
27,4.2
33,7.5
55,8.2
25,1.7
41,13.4
52,7.8
52,13
38,5.3
47,11.5
48,7
30,6.9
49,10.5
44,12.6
32,5
47,12.2
37,6
31,6.4
41,8.7
55,6.9
25,4.3
55,12.9
51,11.1
57,14.4
42,5
50,7.2
58,6.3
61,5.8
38,10.7
39,13.1
36,12.1
38,7.9
58,11.2
20,0.8
36,6.4
34,10.8
47,5.4
34,7.8
49,8.3
31,8
54,10.5
29,4.1
47,14
27,3.1
39,5
46,12.6
43,11.6
33,3.8
24,3.3
42,12.4
47,7
26,2.1
57,12.2
28,6.4
63,12
46,8.7
21,1.4
24,3.6
25,3.8
60,6.9
26,5.5
51,9.6
62,9.7
37,9.7
31,3.3
51,12.9
50,7.9
35,7.1
50,14.9
49,12.6
43,9.4
51,6.9
56,11.4
27,3.8
40,10.6
45,14.5
50,6.5
20,0.6
32,7.2
23,1.6
25,3.9
33,9.6
44,5.6
49,7.4
60,13.3
36,7.1
45,13.2
41,8.9
45,8
32,4.5
42,5.4
24,2.1
36,11.9
30,6.9
54,7.3
48,11.2
26,4
26,5.5
41,8.1
61,6.5
42,9.4
44,6.6
20,1.3
34,9.4
42,13.1
41,13
41,8.2
33,9.4
35,10.1
35,5.3
19,0.4
24,3.4
54,11.6
24,3.4
37,8
43,14.9
57,9.8
56,8.8
32,8.3
45,10.9
56,9.7
35,9.6
44,5.4
46,8.9
39,7.8
50,11.6
28,3.7
54,14.4
37,7.3
39,13
23,2.1
25,4.3
20,1.5
32,5.4
39,5.6
27,3.1
61,10.6
43,5.5
45,8.2
55,9.5
55,13.4
53,12.9
31,3.3
60,14.6
57,12
58,15
28,4.6
33,6
59,14
43,12.6
61,6.2
39,13.3
47,5.6
32,3.8
45,11
38,5.5
52,12.5
43,14.9
51,14.5
44,14.4
59,10.6
40,8.4
46,8.1
49,11
41,10.2
57,13.4
65,9.1
37,11.5
42,10.8
34,5.2
51,8.8
30,5.8
47,6.6
39,7.3
36,7.7
63,5.9
45,9.1
44,8.6
50,13.4
58,10.2
63,11.1
58,6.3
51,12.3
31,4.8
42,8.2
53,5.3
57,12.5
56,10.3
51,9.4
53,5.4
20,0.9
45,7.4
35,6.4
54,10.6
44,9.1
29,5.3
37,4.6
35,6
45,12.6
40,9.4
49,6.7
39,11
34,4.3
60,14.4
41,12.2
32,7.1
35,11.5
34,4.1
26,3
48,8.9
44,11
42,10.6
31,8.2
49,6.2
41,6.8
41,6.3
38,11
33,6.6
32,4.8
53,5.3
39,11
46,8.2
39,11.4
36,4.6
27,5.9
18,0.1
51,7.9
44,14.2
49,7.5
65,10.9
26,2.1
42,6
24,2.1
19,0.5
47,14.6
39,12
55,5.1
38,7.9
41,5.7
42,5.5
50,12.3
57,13.5
35,4.3
59,12.4
53,11
24,3.6
31,8.6
35,7
54,7.4
43,9.3
64,12.5
41,6.1
34,7.9
55,9.2
46,7.6
46,5.4
53,7.4
38,6.6
63,7
49,7.5
41,11.9
56,12.3
41,8.6
43,5.7
46,8.3
41,13.5
54,7.5
29,5.8
47,9.8
41,13
48,14.7
34,7
46,11.3
38,6.9
40,13.1
39,6.8
62,13.3
53,7.9
46,6.2
64,8.4
25,3.8
22,2.2
47,7.3
44,8
29,5
25,2.1
67,10.9
32,9.1
19,0.6
58,12
49,5.7
42,5.5
42,11.9
59,14.8
35,10.8
45,5.7
44,11.8
40,12
45,9
57,14.2
54,6.4
39,6.7
34,6.1
28,2.3
51,8.4
59,14.6
32,3.4
24,2.7
36,7.3
33,7
34,9.5
33,4.2
45,7.3
39,6.5
30,5.7
55,7.5
33,9.3
39,9
57,15
34,4.2
23,3.4
69,14.4
23,1.7
44,12.1
51,6
33,4.4
28,3.9
53,6
54,9.7
25,4.3
47,7.6
44,11.6
62,7.7
62,11.5
59,10.8
45,11.6
59,10.1
29,5.3
30,7.9
55,8.4
48,8
27,4.7
40,13.1
27,5.2
54,11.3
66,6.3
21,0.8
32,6.8
33,7.5
30,7.2
30,5.9
37,11.5
32,6.6
52,6.8
28,6.4
56,12.9
46,11.3
55,10.1
23,1.9
43,9.4
58,14
30,5.3
54,13.7
22,2.2
54,10.9
46,10.5
53,11.2
27,2.5
43,10.4
35,7.3
45,13.4
40,11.4
58,13.3
46,6.4
48,12.3
39,9
54,5.1
40,11.5
43,8.2
60,7.3
23,2.3
48,5.9
32,8.1
49,14
40,6.1
32,5.4
24,2.9
63,12.3
35,6.2
27,3.9
46,10.8
22,2.4
46,7.2
46,12.9
20,1.1
60,13.1
30,3.5
32,5.6
26,4.9
46,13.4
34,9.6
56,14.7
62,10.7
58,7.6
22,1.3
33,6.6
65,7.4
48,13.6
56,11.5
33,6.5
42,8.6
34,4.5
45,5.8
48,6.1
30,5
42,7.8
48,10.7
47,12.5
49,14.1
26,3.8
34,10.3
59,7.5
44,12
28,5.7
27,4.5
43,11.6
44,10.5
31,5.1
42,12.5
26,2.8
49,10.7
60,14.4
57,10
38,13.1
58,5.4
30,6.3
59,10.3
41,13.1
28,5.8
37,11
35,7.1
30,4.4
52,5.2
20,0.7
44,7.3
22,1.1
52,5.9
53,14
46,9.7
25,4.1
32,4
66,12.5
61,5.7
60,9.7
52,14.8
31,7.3
28,6.6
57,14.4
41,13.7
40,13.8
42,14.9
30,6.3
47,5.7
36,6.1
49,6.1
46,12.3
24,2.9
36,10.3
52,13.4
39,6.6
25,3.9
61,15
51,11
31,5.9
19,0.8
56,13.2
40,6.7
56,9
26,2.8
30,7.4
45,14
61,5.9
43,5.6
33,8.4
25,4.6
60,14.4
44,14.5
42,7.7
50,9.4
34,9.4
61,8.2
42,13.2
57,12.4
52,14.4
66,13.9
39,7.5
43,13.2
66,7.4
47,14.6
30,5.4
32,8.6
35,8
57,7.6
41,13.3
26,4.3
24,4
53,7.6
60,8.3
41,14.6
63,10.7
22,2.6
42,13.9
39,12.5
51,10.9
53,13.8
47,8.7
40,13.5
34,7.4
24,4.1
22,1.3
44,11.5
42,7.7
48,10.2
34,8
50,13.8
67,14.9
55,11.1
36,5.2
60,14.7
42,12.4
62,8.9
34,6.5
42,12.6
64,14.4
42,14.7
37,7.5
31,3.8
62,8.8
53,5.3
56,5.2
49,10.2
43,8.7
53,7.1
28,3
61,6.9
56,11.7
43,8.3
57,6.3
26,3.9
51,14.5
61,7
47,5.1
39,7
45,10.9
37,8.1
42,11.5
58,9
68,8.4
66,5.3
47,14.9
26,3.8
46,13.9
41,13.5
24,3.4
46,10.5
59,6.7
37,10.7
54,14
41,11.4
45,13.5
55,11.5
33,7.1
61,7.7
53,5.3
49,9
39,7.9
35,9.4
21,1.4
45,5.3
39,6.7
26,2.9
40,12.3
51,13
60,9
33,5.1
43,11
51,7.1
52,6.2
25,4.4
26,4
32,5.5
46,11.1
24,3.6
36,9.1
37,11.7
39,11
43,7.5
48,6.8
22,1.8
32,5.8
51,13.4
28,4.4
44,6.2
56,5.3
49,14.2
52,6.5
40,8.6
31,7.5
29,6
23,2.8
26,2.7
54,12.6
24,3.2
63,6.3
38,11
50,14.7
56,11.6
42,14.8
42,14.9
42,7.2
51,11.2
20,1.5
54,9.9
23,2
41,10.8
49,9.5
50,6.2
41,14.6
24,3.7
35,11.5
54,8.1
36,4.1
42,12.8
41,7.3
40,5.6
21,1.9
25,2.1
28,3.9
30,3.2
47,11.8
21,1.8
25,3.6
32,7.8
30,6
32,7.2
31,3.3
41,6.4
26,2.6
46,6.8
63,10.6
48,9.5
31,8.7
50,14.5
30,6
42,10.3
40,12.9
60,12.3
57,13.7
53,8.9
45,6.5
37,5.1
65,8.5
34,5.2
38,9.9
41,12.8
67,12.6
53,11.4
68,11.2
49,12.5
49,11.2
39,9.9
30,3.9
55,7.7
27,4.1
56,14.8
45,8.7
54,7.5
52,10.6
25,2.6
58,9.1
46,13.3
49,12.6
23,2.6
26,5.3
32,4.9
48,14.4
55,5.7
60,6
42,5.7
42,14.7
22,1.3
49,10.4
52,9.3
35,9.1
40,11.2
40,6.4
36,7.2
31,7.1
45,14.2
27,5.8
35,9.1
37,4.9
38,8.4
28,5.7
51,6
61,13.8
59,11
33,9
26,5.1
48,8.9
48,11.2
40,12.9
38,10.6
26,3
33,9.5
33,5.9
43,10
40,12.1
52,9.2
40,9.2
43,8
62,9
52,13.4
58,14.1
62,6.9
30,8.2
50,11.7
45,14.2
31,8.4
32,9.6
47,7.5
50,6.5
46,5.9
27,3.6
31,3.8
54,14
47,7.2
54,13.2
50,5.6
56,7.2
24,2.2
54,7
55,7.6
36,7.8
28,5.3
63,10.3
43,11.6
55,14.2
43,5.8
53,9.2
44,10.4
60,12.2
37,8.2
60,14
44,10.2
22,1.3
50,6.1
36,10.5
44,6.2
24,2.7
49,12.3
49,6.8
30,5
50,9.7
53,11.8
42,10.2
32,9.3
40,8.8
41,6.7
28,3
47,7.5
25,2.8
32,5.4
42,13.6
44,10.9
30,5.7
30,5.6
29,6.3
41,12.7
59,12.3
56,12.1
52,14.7
34,7.7
38,10.4
42,10.6
39,11.9
51,13.7
54,10.1
40,10.7
47,12.5
22,2.1
39,13.6
54,7.4
31,3.1
21,1.8
29,2.9
61,9
39,7.5
48,10.7
48,6.2
48,9.1
50,11.2
36,6.3
44,14.2
59,14.6
29,3.1
62,14.5
52,14.9
28,6.6
63,7.6
59,14.5
47,5.7
54,12.8
49,13.4
61,7.5
45,11.7
42,8.6
51,5.7
57,6
44,5.4
48,14.7
39,7.4
43,8.3
37,5.4
62,14.4
22,1.6
64,11.6
56,14.4
66,10
51,12.4
37,11
64,10.7
35,6.8
41,7.4
39,9.7
58,12.3
32,3.4
39,6.8
47,11.5
36,4.4
31,7.1
49,9.7
56,9.7
21,0.9
60,14
51,13.8
23,3.1
48,14.6
53,9.2
51,12.9
27,3.8
42,11.3
64,13.4
33,8
62,8.4
59,11.1
36,4.9
58,5.5
62,5.8
61,10.5
51,14.3
34,10.2
21,1.4
44,9.1
47,13.7
43,8.8
57,8.6
19,0.4
45,12.8
45,9.6
47,9.1
35,8.1
45,12.9
38,11.3
54,11.7
18,0.1
50,5.9
33,4.2
37,7.4
41,11.9
36,6.4
55,12.6
49,8.9
52,8.9
63,7.9
25,3.7
46,13.8
36,11.6
27,4
28,4.7
58,7.6
32,3.3
52,10.1
60,9.6
31,6.2
51,14
48,11.2
64,8.6
21,1.8
25,2.1
32,8.5
61,14.7
40,13.3
35,5.1
35,5.4
57,12.9
41,6.5
45,12.2
23,1.8
32,4
30,8.2
65,6.5
48,14.1
50,10.2
65,7.4
47,10.2
58,5.6
43,13.4
24,2.5
39,7.8
57,12.4
39,7.9
48,6.7
61,12.3
43,9.6
53,11.8
36,10.9
67,10.6
28,6.4
28,4.3
46,13.8
57,8.1
26,2.5
56,12.6
45,10.5
36,8.4
34,10.7
41,13.2
43,14.7
24,3.7
52,7.2
62,9.3
32,8.4
41,6.9
50,12.5
24,2.6
58,13.6
42,13.2
27,5.2
22,2.6
51,9
49,13.4
43,10.4
53,14
38,12.2
38,11.3
30,4.3
30,8
36,12.2
59,9.6
30,4.8
24,3.6
55,13.2
35,9.3
57,8.9
32,5.5
32,5.5
66,10.7
53,10.4
55,12.5
42,6.7
53,13.5
46,13.6
48,11.4
27,5.8
46,13
34,8.3
58,11.2
31,8.5
36,9.7
62,11.5
58,12.7
51,9.5
48,14.4
46,12.5
35,6.2
42,5.9
47,10.6
31,8.1
34,10.5
38,13
66,13.2
45,7.5
43,13.5
37,4.7
35,4.1
38,5.2
19,0.3
50,10.6
51,11.9
43,7.3
25,4.9
52,7.6
25,2.3
40,9
68,14.2
24,3.2
37,7.5
25,4.5
45,6.7
25,2.4
31,5.7
36,9.7
44,14.7
28,4.1
29,6.7
30,3.5
62,13.6
52,9.7
41,6.9
42,12.1
22,2.5
32,8.4
54,5.4
51,6.3
50,6.7
52,6.1
27,5
49,9.7
21,1.2
56,14.8
49,11.8
60,11.3
63,10.7
44,9.5
44,9.3
40,5.5
32,6.9
43,13.8
32,9.1
55,10.8
53,12.6
22,1.9
41,5.2
21,1.9
35,3.9
50,6.6
59,14.2
58,6.2
34,8.4
55,10.8
33,4.8
43,14.9
54,8.1
24,3.7
50,8.1
57,13.4
28,3.7
60,12.6
20,1.1
51,15
39,11
38,10.6
54,5.3
50,12
48,8
53,10.7
47,6.5
40,5.6
29,5.4
58,12.6
40,14.3
35,5
38,9.9
28,4.4
53,9.4
65,8
57,11.2
59,11
23,2.1
33,8.1
35,9.7
27,4.2
44,7.4
38,11.4
44,13.3
55,10.3
44,5.7
30,4
35,10.2
21,0.7
40,11.4
32,7.3
47,9.5
54,8.6
40,8.4
49,8.5
34,7.7
41,10.2
39,14.3
41,13.6
36,4.2
41,13.1
43,14.4
49,11.3
40,9.6
61,8.3
49,7.7
32,5.4
43,7.7
56,13.3
24,3.6
58,5.1
36,7.3
48,7.8
50,7
60,6.6
51,7.3
25,2.7
31,6.5
40,12.2
38,9.2
21,2.1
37,8.8
60,5.9
27,4.7
24,3.5
22,1.9
19,0.5
60,12.7
40,13.8
27,5.6
52,7.1
53,7
47,14.9
55,10
28,3.4
45,7.9
57,7.5
47,7.5
52,6.4
58,13.1
36,7.4
30,5.6
67,10.8
30,5.7
22,2.2
38,5.6
38,4.9
50,11.7
41,11.2
32,8.2
44,12.5
63,10.7
21,1.8
54,14.2
62,8.8
29,7.6
35,3.9
48,14.8
45,11.3
49,13.2
48,9.4
45,12.7
34,8.1
35,10.4
48,9.4
57,5.6
48,11.9
42,5.8
36,4.5
27,6.1
37,12.5
34,8.2
61,13.7
28,3.2
20,0.8
25,3.1
39,13.8
34,10.1
55,11.2
48,6
60,9.4
31,4.1
33,6.4
35,7.4
45,13.8
38,11.4
26,3.2
55,8.3
43,14
44,14
47,7.1
41,7.7
59,9
25,4.8
51,12.1
34,4.5
48,6.1
25,4.5
52,6.7
33,8.6
35,6.5
23,3.4
36,9
46,7.7
38,11.7
50,13.7
39,8.3
30,5.8
38,6.4
38,12.7
50,9.3
23,1.2
62,8.1
45,10.1
29,2.9
44,14
30,3.4
60,5.3
24,4.1
39,5.9
68,7.5
43,11.8
60,6.9
38,7.4
59,8.9
40,6.6
25,3.5
44,6
37,7.8
47,12.9
19,0.8
34,6.7
29,5.8
31,7.9
53,6.9
43,10.2
49,13.3
49,14
44,6.9
30,3.9
30,6.8
37,12.4
54,14.6
49,14.5
23,1.4
49,8.7
58,6.6
45,13
64,7
40,8
54,14.4
59,5.1
36,8.4
32,5.1
65,9.5
40,13.3
51,15
59,9.7
39,9.9
46,14.1
53,12.9
36,7.7
67,13
25,1.9
35,10
55,12.6
20,1.2
39,10.1
44,6.5
49,11.6
39,8.7
26,2.4
30,2.9
37,7.8
63,7.7
48,13.9
37,12.4
33,6.1
24,3.1
34,3.7
33,5.3
29,6.2
36,8.3
50,8.9
53,12
36,9.4
30,4.9
36,7.3
54,9.5
52,6
30,5.4
22,1.1
34,4.4
33,10
33,8.2
51,6.4
38,13.4
28,5.6
53,10.4
44,8.4
28,4.8
45,9.2
37,6.4
61,11.7
45,7.5
44,13.9
62,10.4
55,8.8
39,9.2
29,5.7
63,9.6
43,9.1
34,10.9
27,5.3
46,13.4
42,12.6
35,7.4
25,2.6
24,2.7
39,6.6
60,5.6
32,4.7
37,12.3
38,13.2
53,10.9
27,2.8
41,9.6
35,5.2
45,14.8
45,9
42,9.1
46,8.6
39,7
29,6.1
32,8.1
59,6.4
62,7.3
64,6
29,5.6
51,14.5
56,6.2
60,12.4
49,7.2
40,8.6
51,8.3
40,8.5
50,11.3
38,7.6
22,1.4
19,0.4
56,8
36,6.2
54,10.4
41,10.2
40,11.8
44,7.2
38,12.9
57,10.7
30,7.9
52,6.3
49,14.5
45,13.4
46,12.9
37,9.7
37,10.1
19,0.3
26,4.9
58,5.3
26,2.2
34,10.6
48,13.1
46,7.4
32,5.9
40,9.8
43,11.6
37,11
67,9.2
48,13.6
29,4.2
46,9.7
41,9.3
32,8.4
30,4.7
24,3.8
19,0.6
65,14.2
34,6.8
39,14
34,6.5
56,5.9
49,8.4
28,4.4
55,10.9
26,2.1
63,7.3
23,3.5
29,6.4
31,4.4
29,3.7
36,4.6
21,1.5
23,2.4
29,5.6
51,10.9
29,4.2
52,12
42,6.5
53,13.1
29,4.9
37,4.8
43,11.4
21,1
50,13.6
44,8
48,7.5
25,3.1
43,7.8
64,8.1
24,1.7
45,7.9
37,10.4
53,6.1
27,4.4
41,5.2
57,6.7
26,4
32,6
38,6.9
48,13.8
49,6.7
32,6
63,14.8
33,5
54,9.5
37,10.8
35,9.2
29,3.4
32,4.1
36,12.1
36,4.7
45,6
26,4.8
55,8.2
40,13.3
23,1.4
40,11.9
27,5.4
48,9.4
33,4.6
27,3.6
47,7.9
43,8
43,12.8
55,12.8
57,5.5
56,8.1
29,5.4
31,3.4
58,6.2
23,3.1
33,4.7
35,6.9
28,3.4
48,5.7
34,10.9
45,11.9
19,0.6
41,11.2
38,9.9
21,2
52,10.1
59,14.4
39,8.6
65,5.6
36,4.5
39,5.2
56,10.1
29,3.9
46,7.9
33,4.8
36,4.2
47,13
44,9.6
49,5.6
44,6.9
48,6.4
46,5.4
48,8.2
40,8.8
42,14.4
36,10.1
35,9.2
42,13.4
57,8.3
44,13.1
43,13.9
40,5.3
43,13.1
50,14.1
56,14.2
41,6.4
41,12.5
55,8.9
47,12.2
32,8.5
25,4.1
57,14.1
48,14
52,5.3
36,5.6
59,14.9
59,14
34,9.6
56,5.6
28,3.4
51,9.3
31,5.2
39,8
40,12.5
35,4.8
33,5
24,2
38,4.6
36,6.7
45,8
22,2.3
44,14
28,4.4
42,8.1
51,10.9
54,9.1
34,6
63,8.2
26,2.9
65,11.7
52,13.6
36,11.3
26,4.4
36,9.3
56,10.4
37,12.8
32,4.9
59,6.8
50,11.4
40,12.1
62,9.9
21,2.1
28,6.4
37,11.1
54,13.5
57,10.2
58,13.3
55,8.9
61,6
66,6.9
23,2.6
40,7.7
49,14.8
29,5.7
33,4.8
24,2.8
40,14.1
56,6.5
60,8.7
38,12
29,5.4
41,10
46,14.6
47,8.3
45,9.7
38,12.2
46,9.4
48,14.5
36,5
29,6.2
18,0.1
49,12.1
53,10.9
49,10.4
44,13
38,5
39,11.7
49,14.5
36,11.5
48,9.7
52,7.7
63,5
56,14.9
53,5
34,10.8
33,6.2
51,7.8
41,11.4
51,7.5
36,9
33,7.4
39,7.7
21,1.8
26,3.5
51,8.2
25,3.7
50,7.9
58,6.6
29,3.7
40,11.3
47,6.9
30,4.1
32,4
39,13.5
33,5.2
56,9.7
48,13.9
38,9
30,7.3
46,5.1
36,9.1
41,6.6
51,7.2
38,7
40,6.8
67,12.9
58,13.3
27,5.2
29,2.7
61,12.6
42,11.6
29,6.4
51,12.5
44,14.1
57,10.8
46,12.5
40,6.4
23,3.4
56,8.1
46,5
57,5.8
38,9.1
29,3.7
41,10.8
54,7.6
49,7.7
31,5.5
27,4.2
25,3.1
51,7.9
21,0.8
27,6
34,4.2
69,14.2
40,8.6
28,4.7
42,7.7
32,6.8
54,8.9
52,11.5
23,1.4
57,14.7
39,13.1
46,14.6
43,11.5
43,13
43,10.1
19,0.6
20,0.9
46,14
50,12.3
48,6.7
52,11.7
50,6.6
26,2.4
63,13.5
45,9.7
42,11.8
32,5.8
56,7.9
31,3.1
62,5.8
23,3.4
46,5.4
30,4.5
43,13.9
36,4.9
55,10.5
20,1.5
33,9.8
30,5.4
44,12.4
36,4.9
28,3.2
61,14.6
64,7.7
47,13.2
22,2.4
22,2.5
45,10.6
41,8.5
48,14.3
41,9.4
36,8.1
56,14.6
34,10.2
29,3.3
63,9.6
55,7.9
45,12.5
27,2.2
33,7.8
43,6.3
42,12
40,8
61,10.6
39,10.7
23,1.7
20,0.7
58,10.2
40,14.9
36,11.1
33,9.8
34,5
60,7.6
59,9.5
44,6.8
43,12.9
61,12
40,14.7
55,5.1
66,12.3
30,4.3
37,8.4
36,4.5
53,11.5
49,10.8
41,11.7
34,7.8
59,9.7
60,14.5
25,2.5
24,3.5
36,10.8
37,4.8
37,12.7
27,4.2
54,8.2
42,10.4
52,11.7
35,4.1
22,2.8
38,10.5
44,12
45,14.1
53,13.8
54,14.5
54,6.4
19,0.3
28,5.8
40,6.2
51,6.3
35,4.9
23,2.4
62,11.4
62,9.2
57,13
33,5.1
47,8.5
34,5.4
49,12.6
61,8.6
44,8.4
61,11.3
46,5.2
20,1.4
57,13.6
65,13.3
45,7.7
43,10.5
61,12.7
40,8.3
29,6.7
27,3.6
63,10.6
61,8
53,11.2
36,7.9
49,13.5
36,9.9
22,1.8
41,14.5
41,8.5
55,6.8
32,4.6
22,2.6
42,13.7
43,13.6
38,13.6
44,13.3
50,7.3
67,9
22,2.8
30,4.8
56,6.8
42,5.9
31,8
30,3.4
40,7.4
44,13.4
24,3.5
59,10.6
31,5.3
28,4.4
47,9.1
38,9.7
40,11.9
63,9.5
60,6
31,3.6
31,4.1
40,11.1
51,12.8
50,12.1
32,5.4
31,6.7
32,8.2
44,13.5
49,9.1
37,9.9
25,4.2
38,12
58,12
46,6.4
50,11.6
53,5.7
42,5.2
27,2.5
50,6.1
29,5.1
49,13.6
52,13.5
33,7.7
43,6.6
34,8.5
60,6.6
54,9.9
58,11.8
44,14.1
33,7.1
54,14.9
40,9.9
41,14.3
24,1.5
21,1.5
26,4
55,7
54,9
24,3.6
50,10.9
38,9.8
38,10.2
36,8.5
54,9.6
56,8.6
35,6.3
47,5.1
65,7
43,14.2
34,4.2
47,9.9
34,6.1
36,10
26,3.3
48,8.2
58,11.1
24,1.7
58,7
41,6.2
46,5.1
40,10
48,13.9
32,4.6
37,11.7
54,7.7
33,8.4
68,10.9
28,6.9
29,3.1
49,7.2
21,1.9
33,6.3
40,15
42,11.5
53,14.2
47,5.1
25,3.2
31,4.4
45,15
29,7.1
55,14.6
41,14.9
47,14.9
37,4.5
57,5.2
45,14.5
29,4.2
26,5
39,9.3
36,11.5
28,6.1
23,3.1
21,1.5
44,6.5
27,4.2
35,7
36,4.7
32,7
57,5.2
40,6.7
63,5.5
40,10.5
27,3.4
64,5.9
18,0.1
40,7.2
52,8.1
33,7.8
41,6.4
59,5.8
28,5.9
54,9.1
51,8.4
42,10.4
57,9.6
28,3.9
56,5.8
53,5.4
57,9.9
50,6.3
47,11.9
26,4.5
23,3.3
51,13.5
19,0.3
53,12.6
22,2.2
37,11.4
53,12.7
55,11.4
47,10.9
21,0.8
63,8
57,9.3
45,7.8
36,7.5
46,5.4
29,2.8
47,8.4
48,12.2
56,13.2
49,13.4
46,9.3
51,14.6
52,14.3
32,3.9
30,6.9
41,14.5
61,15
50,7.5
26,4.1
22,1.8
65,10.6
26,5
31,8
49,11.8
51,10.7
57,8
32,7.5
30,5.2
34,8.2
41,7.8
37,8
29,2.8
57,10.5
48,6.4
42,8
56,14.6
39,9
44,6.5
36,11
54,9.8
44,7
36,9.4
50,13.5
28,3.7
54,5.8
62,9.6
57,14.3
21,1
29,2.9
54,6.6
53,8.1
40,12.4
36,6.9
25,2.8
28,6.9
53,9.5
53,14.2
23,2.8
62,7.7
34,10.1
61,11.9
48,5.4
44,5.6
37,10.1
34,9.1
26,3.5
30,7.3
37,8.2
38,11.9
29,6.1
52,12.6
30,5.9
47,12.2
39,6.4
41,6.2
28,6.8
37,8.7
39,8.6
27,2.5
41,10.6
33,6.5
20,0.7
32,8.8
39,12.9
34,10.8
59,9.7
34,6.5
42,9.6
41,13.3
33,9.4
40,7.3
32,7
48,11.1
22,2.3
51,5.8
55,9.5
25,3.8
59,9.7
19,0.7
33,6.7
20,1.2
28,5.6
51,10.9
51,9.7
59,12.4
39,9.8
55,6.5
50,14.3
53,5.2
57,8
38,6.9
42,7
58,11.6
19,0.4
49,11
50,7.2
56,9.4
54,5.7
37,7.8
34,10.3
58,8.8
54,13.5
52,7
41,9.1
48,5.6
41,10
41,10.8
53,11.9
60,14.3
40,12.9
61,7.9
44,9.6
57,14.6
53,8.2
60,6.4
20,0.7
57,7.5
38,11.8
28,6.9
29,6
57,10.4
35,8.9
41,6.1
22,1.5
65,5.1
47,11.1
34,4.1
59,13.5
19,0.7
25,3.6
45,15
26,3.2
56,11
34,4.4
40,6.5
28,5
37,12.5
27,3.6
22,1.4
43,6.5
30,4.9
33,8.3
37,11.4
27,3
32,5.2
42,7.8
40,12.3
23,1.4
28,2.8
30,7.7
29,5.5
42,5.9
35,4.5
49,13.4
42,6.7
55,13.7
31,7.4
29,5
41,8.5
61,6.2
57,9.1
25,4.6
46,9.9
57,13.8
21,1.8
25,3.5
52,7.2
54,6.5
29,5.4
58,6.5
41,5.4
43,12
37,5.3
48,14.8
50,5.9
43,8.4
57,7.9
38,13
30,7.5
48,6.5
36,5.5
19,0.6
41,8.2
25,3.2
41,12.1
45,5.6
41,8.4
39,8.7
60,14.7
48,7.7
31,5.3
36,7.9
29,6.6
23,1.4
22,1.8
35,5.8
39,12.7
49,10.9
20,1.4
30,5.2
21,1.5
47,12.3
66,10.2
55,5.5
40,8.6
25,4.6
33,3.7
36,5.9
41,10.4
48,11.6
51,10.3
51,11.7
58,12.5
23,1.9
31,3.3
27,4.7
45,14.7
53,5.2
26,5.1
41,13.1
56,13.6
48,7
32,8.1
28,6.1
68,10.8
37,5.9
49,8.5
28,6.6
25,3.9
58,12
38,8
46,6.2
19,0.8
41,10.2
47,10.8
36,7.3
29,4.5
51,9.6
45,8.2
39,12.1
36,4.5
34,10.3
31,4
47,14.8
37,12.6
28,3.2
27,2.6
66,13.9
22,1.2
41,12.3
38,9.9
52,10.9
22,1.8
48,13
40,12.3
60,8.9
29,6.9
41,12.5
30,5.2
25,4.1
49,11.2
51,5
41,6.4
37,7.3
39,7.6
35,3.9
43,10.1
34,9
46,7.5
51,9.1
43,7.2
37,8.1
36,4.7
25,3.5
60,9
44,12
39,8.8
39,13.9
37,12.6
55,10.3
44,12.3
56,7.9
30,4.3
43,12.7
26,4
43,8.3
50,8.1
20,1.2
44,13
33,3.8
21,1.7
57,6
52,5
38,7.9
46,9
58,13.7
54,10.1
34,4.5
34,7.5
57,13
44,10.9
63,6.1
52,7.4
50,11.1
35,4
60,15
32,9.1
40,6.7
45,5.3
59,9.9
54,9.6
19,0.5
67,14.1
44,8.5
25,2.3
56,7.1
45,7.1
42,10.2
45,9
58,7.6
29,6.2
27,5.7
24,3.4
33,6.3
23,2.8
23,1.4
47,6.1
55,14.4
39,11.9
48,12.9
53,13.7
21,1.8
40,5.8
27,4.9
47,5.7
57,13.7
47,7.4
61,11.1
24,2.2
37,6.7
55,12.8
58,5.4
36,7.3
46,7.8
28,3
45,10.8
36,9.8
46,6
59,13.6
44,11.9
33,7.2
35,5.7
54,8.3
41,9.2
60,6.3
36,7
34,10.3
25,2.3
21,1.5
56,5.5
25,4.7
23,2
62,12.6
33,7
47,6.1
23,1.8
48,9.3
25,3
48,14.7
40,9.6
42,7.7
20,0.9
48,14.4
49,13.5
43,8.6
42,10.2
34,5.7
45,10.5
40,12.6
25,4.4
39,10.8
55,5.6
63,12.4
29,3.8
43,7.4
28,4.4
18,0.1
38,8.3
34,10.2
48,8.4
33,4
41,11.8
62,5.8
55,14.6
22,2.2
42,11.7
24,2.6
30,6.9
30,4.1
55,6.1
41,6.4
22,2.2
24,1.7
60,12.5
34,5.4
38,8.7
27,4.4
68,9.4
56,6.3
64,10.5
41,6.4
20,1.2
55,8.3
21,1.5
29,6.7
60,5.2
35,8.8
25,4.6
35,10
33,7.7
45,13.8
34,6.2
38,11.3
37,9.2
39,8.7
47,9.1
48,13.3
33,8.2
36,5.2
58,10.4
32,6.8
57,6.7
34,7.1
32,4.3
47,5.9
46,12.3
44,14.7
57,11.1
49,7.7
48,10.2
59,5.8
47,11.3
51,9.6
60,12.9
21,1.4
56,6.5
44,12.7
40,9.1
21,1.7
43,14.8
23,2.5
37,12.4
52,9.9
41,14.3
40,8.9
41,6.9
35,9
30,3.9
60,6.6
19,0.3
35,8.3
31,6.5
37,11.7
26,2
44,12.2
29,6.9
36,9.8
64,10.9
43,7.8
41,10.2
29,7.5
61,9.3
47,13.1
40,12.3
44,9.6
32,5.6
23,1.3
42,7.7
50,13.9
41,5.6
20,1.4
37,6.4
43,7
40,5.3
54,10.9
31,3.3
36,6.1
26,2
24,4
54,12.2
39,10.2
27,4.3
26,4.5
57,5.4
49,8.9
29,4.3
43,6.9
61,5.6
62,8.5
37,5.8
35,8.2
44,11.9
31,4.3
26,4.5
40,5.5
41,13.9
35,6.6
40,14.2
29,4.9
51,12.2
51,10.7
53,14.7
55,11.3
49,14
40,5.2
37,8
33,5.3
31,5.8
34,4.3
36,7.8
58,14.1
32,4.8
45,14.3
58,5.1
23,1.5
53,6.5
49,5.2
21,1.1
43,8.2
37,4.7
28,2.3
22,1.9
41,6.4
49,12.9
28,4.4
60,13.2
41,8
59,8.2
26,2.8
66,10.2
43,13.4
29,4
23,3.2
41,12.2
53,10.5
47,13.3
33,10.2
37,8
34,6.7
52,12.1
61,11.3
46,11.3
29,5.4
31,7.5
47,6.6
41,5.7
58,8.5
58,8.9
42,7.4
44,8.8
52,6.6
29,2.6
19,0.6
40,14.1
45,13.1
45,8.7
35,11
33,3.5
59,6.2
39,9.1
37,10.6
47,10.2
30,4.5
27,3.6
26,4.8
38,10.4
45,9.2
37,9
39,12
51,6.7
33,6.2
50,9.6
38,12.4
39,12.6
25,4.8
60,6.2
34,7.9
30,3
45,7.9
45,9.9
58,8.5
21,1.3
38,5.8
45,14.4
44,12.5
46,13.8
34,4.9
32,5.2
59,11.3
38,7.7
41,9.8
60,10.6
39,13.8
38,5.7
50,6.7
48,8.7
59,15
38,8.7
33,6.2
54,10.9
30,5.4
32,6.1
26,3.2
45,13.4
28,3.4
64,6.2
46,5.8
51,10.7
44,5.1
32,5.1
31,4.8
32,7.2
37,8.6
40,13.1
44,12.3
60,7.7
35,7.1
33,4.8
32,7.1
25,4.4
26,4
26,4
54,13.9
21,2
37,11.4
59,5.3
24,2.9
53,7
27,5.8
40,12.8
52,13.9
64,7.8
32,5
49,13.9
46,9.4
42,14.9
48,6.9
45,12.9
45,7.7
41,9.5
56,13.1
62,7.4
59,12.4
48,11.8
55,11.5
57,7.9
34,5.8
63,8.3
51,7.1
27,2.7
45,14.3
54,8.3
61,10.5
58,10.7
43,11.3
52,8.4
24,3.1
49,14
31,3.9
41,5.3
58,12.8
45,6.3
31,8.2
56,9.7
38,12.7
25,2.7
24,2.1
37,6.1
26,4.8
50,13.3
32,8.1
52,10.1
38,7.5
43,14
56,6.6
37,7.2
46,9.7
32,4.6
35,9.5
20,1.3
48,13.1
43,7.9
34,5.2
43,6.7
26,2.4
59,11.6
38,5.9
46,5.6
48,7.2
50,6.3
29,5.1
53,8.3
47,9.5
52,8.6
36,6.2
38,4.6
22,1.1
46,9
25,2.9
45,13.8
25,2.6
41,5.3
46,5.1
53,12.2
48,7.4
40,11
59,10.8
51,7.3
44,13.4
47,7.2
42,11.7
34,3.7
46,14.1
51,8.4
58,6
26,4.7
23,1.2
56,6.5
29,5.1
34,9.1
61,6.6
28,2.4
58,9
44,13.9
40,13.1
43,5.6
53,12
38,9.5
51,13.6
46,6
49,7.6
51,13.7
46,13.6
61,9.8
34,6.3
48,9.9
50,7
52,6.7
22,1.4
35,6.3
28,3.7
34,8.2
47,13.1
56,5.7
20,0.6
48,9
33,8.6
46,10.5
43,9.5
30,6.2
46,9.4
35,7.2
54,5.3
51,10.1
40,14.7
29,5
27,2.9
43,12.9
51,7.4
31,3.9
33,5
59,8.2
44,9.7
59,12
42,14.4
34,9.2
22,2
29,4.7
47,14.6
39,7.6
43,12.2
43,8.9
45,14.1
66,9
26,4.6
31,7.8
36,4.8
35,4.9
39,9.1
27,2.5
43,13.7
58,9.8
34,4.2
32,8.6
47,7.1
61,11.8
40,12.9
57,8
36,7.5
50,5.2
45,7.4
21,1.7
39,9.2
30,7
42,6.8
31,4.6
55,8.2
23,3
27,4.8
60,13.3
44,7.6
48,5
23,2.7
30,4
31,3.1
53,11.5
32,4.5
62,12.9
39,11.5
47,11.4
28,4.1
28,2.6
27,3.9
36,6
63,14.1
48,12.1
30,5.9
23,2
30,3.9
68,10.5
51,7.3
52,13.7
42,14.8
43,12.4
50,8
65,5.7
49,13.3
51,6.5
31,5.8
56,13.1
63,12.4
34,10.1
29,2.6
44,9.5
46,6
56,6.7
23,3.1
31,6.8
25,3
48,5.4
49,11.4
26,4
22,1.1
35,8.4
39,5.4
32,6.2
32,9.3
68,6.1
42,12.6
33,5.8
49,12.9
52,7.8
37,4.6
38,8.5
45,13.3
44,11.5
50,5.6
48,14.9
38,9.9
29,5.9
54,5.2
67,11
22,2.1
30,6.6
34,7.2
32,7.8
34,6.9
46,5.6
22,2
58,6.1
29,3.1
37,7.7
44,11.7
44,10.2
48,14.1
32,8.2
57,8.5
32,6.2
61,12.3
30,3.1
47,8.5
43,10.6
45,13.8
51,13.4
33,7.2
33,5.3
40,6.9
36,8.5
44,8.5
44,13.3
64,12.6
45,7.2
60,14.6
53,10.2
60,13.7
24,1.9
36,7.4
34,7.9
50,11.6
63,7.4
42,13.9
47,8
43,8
57,6.9
66,6.7
50,11.4
52,12.9
58,11.5
38,6.7
53,14.4
31,8.7
68,11.5
63,6
33,5.4
31,8.5
58,10.4
42,9.4
46,12.3
33,8.5
39,11.1
58,9
44,13
67,13.4
55,11.4
58,10.5
37,6.7
34,9.7
51,13.6
50,5.7
35,6.5
34,5.6
46,10.8
49,8
38,7.3
53,14.3
53,8.1
29,4.4
55,11.2
26,4
48,11.2
46,12.9
50,9.2
54,12.8
38,11
31,5.1
30,5.5
33,9.5
50,5.7
32,7.2
55,9
31,6.1
26,2.2
36,7.1
37,11.3
51,5.8
25,3.8
58,12.1
42,13.2
39,6.8
30,4
30,6.1
58,12.1
39,6.4
49,12.8
21,2
39,6.7
28,2.8
46,8.4
26,2.2
32,5.2
21,1.1
47,14.7
34,6
60,14.8
33,7.2
31,5.9
57,6.1
50,10.1
26,4.8
42,7.8
49,7.1
35,9
67,5.2
47,6.6
33,6.2
55,13.4
39,6.1
23,2
31,8.9
62,7.4
39,7.7
26,2.3
40,9.3
43,6.2
43,10.4
39,12.4
40,13
59,10.6
23,1.8
32,4.2
40,14.9
25,3.1
48,5.4
57,8.6
23,2.5
55,5.5
29,4.9
48,5.7
40,13.4
61,6.8
48,6.6
53,15
42,11.3
48,12
49,9.2
23,1.3
50,13.3
47,9.5
50,12
46,10.6
49,10.2
41,7.4
52,8.4
44,10.7
59,9.8
44,7.2
33,7.7
39,12.7
42,10
51,10
51,8
26,5.1
21,1.4
24,3.7
31,3.1
36,6.4
48,7.3
56,13.1
55,9.6
37,4.5
30,6.1
64,8.5
23,2
36,6.7
43,6.6
44,11.6
36,12.1
40,13.5
60,14.6
44,13.4
59,12.5
40,9.9
35,5.9
36,9.2
24,3.5
33,10.2
53,13.4
37,11.4
30,4.4
40,9.4
55,11.7
38,7.7
40,10.7
28,6.3
40,5.1
32,3.6
53,13.8
22,2.6
44,12.7
24,2
29,7.1
38,9.6
26,3.1
40,5.8
31,3.1
53,7.8
63,14.3
39,5
35,11.2
31,4.4
64,10.1
27,2.5
60,8
50,13.8
41,12.6
45,10.6
23,1.5
47,6.5
28,5.8
43,12.4
45,11.1
52,10.4
38,8.4
64,8.9
57,5.3
23,1.3
44,14.3
22,1
30,3.1
64,12.6
46,6.8
36,5.5
31,6.7
44,10.4
28,4.4
45,9.1
33,3.6
56,7.7
42,13.8
44,13.5
20,0.7
50,10.9
35,6.3
46,14.9
34,9.9
55,13.6
30,5
61,9.1
64,8.2
36,6.3
58,5.2
36,10.3
21,1
42,6.9
35,6
40,10.4
29,5
28,6.4
46,5.7
51,9.4
19,0.6
26,3.9
40,11.4
66,8.7
50,8
33,4
39,12.5
36,4.9
55,14.4
38,8.2
58,8.1
29,6.7
48,5.7
46,9.9
30,3.3
34,6.6
50,5.9
64,7.9
34,5.8
38,7.3
26,1.9
40,14.5
62,12.9
56,8.3
53,12.1
40,5.7
57,12.8
49,5.5
28,2.8
31,5.5
19,0.6
25,3.6
38,6.4
44,11.1
41,8.9
57,11.1
27,5.3
32,3.2
52,10.9
63,9.5
66,12
36,9.2
51,13.3
41,8.4
50,11.1
60,8.1
62,7
34,5.1
56,11.1
51,7.8
33,8.2
28,3.4
45,8
59,5.3
50,9.5
39,11.6
52,9.8
59,14.9
57,6.7
54,11.3
37,6.9
24,3.5
53,10.2
55,13.8
56,13.3
54,10.4
52,9.2
26,2.3
55,8.6
42,8.4
40,14.8
39,9.3
37,6.8
48,5.8
44,14.5
55,6.2
35,9.9
21,0.9
53,9.8
28,6
26,4.5
43,14.4
34,10.5
33,9.1
38,13.3
47,8.8
34,9.7
62,14
24,3.1
52,6.2
62,12.2
25,3.3
19,0.7
46,12.7
27,3
66,10.4
37,5.5
48,11.3
30,4.7
52,10.4
47,10.4
51,14
50,13.8
37,6.9
47,9.7
62,6.3
59,9.6
18,0.1
23,2.1
41,6.1
57,10.6
59,6.3
50,13.9
45,6.4
61,13.8
23,2.9
45,6.5
45,6.2
42,5
49,8.6
68,14.5
58,12.5
54,11.7
23,1.5
39,13.2
42,6.5
55,8.2
58,8.8
67,9.3
41,12.2
49,14
60,12
47,14.8
23,1.6
49,13.8
48,5.3
39,4.9
68,8.5
54,12.6
50,11.8
61,7
47,14.3
39,7
38,7.3
56,12.6
35,10.9
36,5.1
55,5.2
42,7.7
35,5.7
32,7.7
42,5.4
58,8.4
30,3.8
41,13.7
41,13.9
26,2
49,6.8
43,7.3
38,12.4
58,8.5
37,12.2
26,3.2
38,12.3
63,8.2
63,8.4
55,5.9
37,12.4
38,13.4
43,10.3
41,15
48,11.5
24,2.5
39,10.4
27,6.2
56,7.9
21,1.4
37,5.8
43,13.4
40,7.8
24,2.8
50,10.5
37,8.1
40,14.2
43,11.9
29,6.8
46,14.7
31,7.7
26,4.1
38,7.8
33,7.8
35,8.7
52,12.5
54,11.4
68,6.3
42,7
48,12.5
59,7.9
29,7.3
36,6.3
63,12.7
46,13.6
36,10.6
52,11.5
44,13.4
23,3.2
41,11.2
51,13.3
51,7.9
45,10.3
27,4
36,9.2
46,8.4
26,3.4
50,14.5
40,6.1
44,6.6
60,9.1
29,2.5
37,12.7
60,8.6
50,11.5
21,1.4
59,10.8
59,7.8
40,12.9
34,8.7
32,8
42,8.7
39,11.8
42,6.1
50,12.7
55,5.2
40,10.6
41,5.1
54,9.7
45,12.7
54,7.2
29,4.6
39,13
48,12.6
43,14.9
36,10.2
38,9.2
20,0.8
41,8.1
24,1.7
23,2.3
39,7.3
59,7.2
50,11.4
25,1.7
49,9.7
68,12.8
66,8.4
36,8.6
24,2.9
63,9.3
23,3.1
47,5.6
65,5.8
46,12.2
53,8.9
38,10.1
32,4.8
61,13.5
40,10.3
31,4.1
21,2
27,5.1
35,9.7
34,4.3
42,6.7
42,13.9
54,5.1
53,11.6
57,14.3
41,6.1
46,6.2
34,6.2
62,14.2
27,3.6
32,7.5
55,7.4
59,14.6
35,6.7
40,14
59,13.6
36,5.2
36,11.2
44,11.7
46,14.2
46,12.4
33,8
37,4.5
38,11.5
62,5.4
58,6.9
50,6.4
66,6.2
55,10.4
37,5.6
55,10.9
54,14.9
38,13
34,4.3
61,13.2
35,7.7
40,13.7
48,9.1
44,8.1
50,12
32,6.2
31,7.6
58,12.2
51,10.6
26,3.7
27,3.6
29,6.9
18,0.1
22,2.2
31,6.8
40,12
37,11.3
45,11.5
63,9.4
36,8.5
44,8
55,13.3
57,7.5
49,7.1
57,8.4
46,14.6
66,11.6
43,9.5
41,10.1
39,9.7
58,6.5
26,2.6
44,8.4
48,11.2
39,4.8
58,5.8
51,11.9
48,12.2
25,2.3
52,11.3
38,5.3
32,4.7
32,4.1
59,12.7
57,9.3
27,3.9
33,8.5
28,5.4
50,14.9
48,11.4
28,3.9
21,1.3
61,6.8
26,3.3
58,6.2
22,1.8
58,11.6
28,6.9
38,6.3
36,7.9
39,7.9
50,6.9
37,10.6
23,2.6
42,13.6
36,7.5
36,11.1
42,6.2
35,4.8
55,13.5
35,7.8
43,8.3
25,3.4
58,5.2
22,1.1
53,14.9
50,9.4
47,14.6
32,8.6
46,6.6
28,4.5
21,1.8
62,9.7
54,11.2
37,11.5
51,6
31,7.4
50,14
54,11.4
27,2.5
62,7.3
23,3.1
22,1.2
58,9.2
31,5
41,5.1
33,5.4
41,14.9
62,11.3
41,11.6
37,5.7
26,3.3
25,3
27,2.2
56,7.5
34,3.7
41,11.5
62,12.4
36,12.3
25,1.8
47,12.8
44,10.9
49,11.6
43,8.8
35,5.3
43,9.5
63,7.8
25,3.3
37,5.4
27,3.1
40,7
59,13.7
38,10.9
29,3.6
33,5.6
58,5.1
27,3.1
44,10.3
23,2.6
49,13.6
32,5.6
33,7
53,14.7
43,7.6
22,2.2
51,10.3
47,10.4
29,4.1
47,10.8
42,9.1
31,6.1
19,0.4
35,9.2
39,9.5
65,9.9
54,10.8
36,7.5
27,4.3
65,9.8
39,9.9
52,12
48,13.4
45,8.3
22,1.4
58,14.7
35,7.3
42,5.5
60,10.8
41,10.1
22,2.3
41,8.4
33,3.8
56,11.6
48,13.3
43,8.2
24,2.6
42,14
31,8.1
31,6
21,1
40,8.8
47,14.5
45,12.5
52,9.9
36,10.5
35,9.8
31,3.2
29,4.6
28,3.6
38,12.1
30,5.7
45,5.4
36,9.6
55,10.4
45,6.3
62,12.7
32,8.1
36,10.2
33,5.6
65,8.5
62,14.5
37,10.3
19,0.5
48,7.9
48,7
33,7.7
21,1.3
31,8.8
30,3.7
48,6.7
33,10.1
24,4.1
36,6
61,7
61,9.8
28,3.4
48,10.4
30,7.6
25,4.7
28,5
43,11.7
34,10.1
35,5.5
42,13.2
25,2.9
41,8.3
52,13.5
50,8.7
46,11.9
49,8
52,14.7
49,11.1
57,14.6
34,4.8
40,7.2
28,6.6
56,9.4
35,7.2
41,14
40,13.6
20,1
66,11.2
44,15
64,14.5
54,13.3
52,8.4
41,8.3
52,10.1
44,14.6
37,6.2
47,8.5
48,11.7
21,2
45,11.2
60,6.9
33,7
51,5.1
34,6.3
50,12.2
27,3.3
40,12.2
49,9.8
22,1.3
46,9.1
20,1.3
57,9.5
45,5
30,5
40,8.2
30,4.4
52,11.5
37,6
41,8.6
60,10.4
28,5.9
47,11.4
35,8.5
26,4.8
68,13.2
37,7.9
57,5.3
58,13.8
30,4.9
46,8.7
49,10.8
35,9.2
40,5.1
46,10
40,7.9
29,3.3
25,2
48,8.2
23,3.3
26,2.1
61,12.2
48,12
44,7.4
36,8.8
35,8
35,7.1
24,2.1
37,10
51,8.1
44,12.1
37,8.2
32,4.8
37,10.6
24,2.8
22,2.8
32,6.4
59,7.2
54,7.8
31,7.9
25,2.1
36,9.2
34,3.9
36,6
55,8.8
34,9.6
56,13.5
34,6.2
38,13.1
47,12.6
52,7.5
22,1
47,9.7
59,13.7
57,10.4
50,11.4
60,7.7
55,9.2
38,12.7
40,10.2
56,8.8
21,0.9
35,4.3
50,11.3
30,4.3
61,14.2
42,12.6
28,3.1
52,10.3
33,4.8
37,11.6
41,12
64,5.3
36,5
49,14.8
51,11.1
22,1.4
23,2.5
36,9.5
39,9
59,14.6
39,14.2
31,7
43,7.6
29,6.4
37,6.6
51,10.9
55,14.8
56,14.2
45,7
37,11.1
39,8.8
35,5.8
23,2.7
27,3.1
23,1.3
44,9.7
43,11.7
47,9.4
35,4.9
33,5.5
32,9.1
52,13.7
29,6.8
33,4.9
48,8
33,4.5
26,3.7
44,8.3
67,7.7
29,6.8
23,2.2
63,8.8
56,8.4
62,12.3
33,6
32,3.8
59,9.7
61,10.3
65,11.6
47,6
58,13.7
30,6.8
40,10.1
60,13.8
34,4.1
54,12.5
29,6.6
30,7.9
30,5.5
28,4
51,12.2
22,2.8
57,6.9
35,10.3
48,8.1
38,12
46,10.1
41,10.4
33,5.6
21,2
42,7.7
31,5.4
20,0.7
60,8.2
41,8.7
30,3.6
41,10
51,12.6
46,14.4
30,8.1
50,12.8
52,10.9
55,8.5
43,14.7
50,14.1
49,10.4
28,5.7
45,11.3
47,7
22,2.2
53,8.5
44,9.7
46,8.8
34,10.2
30,6.6
41,14.7
48,8.5
32,3.4
44,9.8
46,14.8
21,1
34,5.6
39,11.3
64,13.7
60,7.7
48,7.8
37,12.5
56,11.4
61,9.5
28,3.8
28,3.7
49,12.2
22,2
24,3
41,11.9
28,4.4
21,1.2
23,1.9
58,5.2
27,3
50,8.2
41,10.6
33,3.8
36,8.3
47,8.9
36,7.6
35,11.5
42,6.6
41,11.5
43,11.9
39,13
37,7.8
43,10
56,6.3
32,9
62,12
42,9.1
49,12.6
38,8.5
52,14.3
37,7.7
25,2.6
55,12.5
32,9.2
52,9.2
47,13.6
24,2.7
38,6.5
47,11.1
32,6.1
39,13.8
65,14.2
34,8.7
56,11.6
23,1.6
31,6.3
46,14.4
45,6
67,7.3
24,2
64,7.1
54,7.4
42,6.6
25,2.7
25,2.8
28,4.6
39,6.8
28,2.4
25,1.7
37,6.1
31,6.9
60,12.7
65,13.5
26,4.2
28,3.5
34,10.1
61,11.5
54,6
36,9.6
38,10.9
40,15
61,14
57,8.3
34,9.2
63,13.4
54,7.2
44,12.7
32,4.7
59,13.5
45,14.8
51,14.3
25,3.6
48,7.9
61,11.4
44,7.5
43,13.4
44,13
40,13.5
42,10
40,7.7
54,6.3
33,8.3
28,5.7
37,5.5
54,6.3
40,7.7
37,11
53,15
39,13
57,9.3
33,7.6
42,13.6
64,11.2
24,2.5
62,13.9
54,11.1
40,13.2
56,14.5
32,6
41,14.8
42,7
30,8.1
53,13.2
32,3.9
39,5.2
63,6.1
49,9.2
49,10
41,11.9
53,11.4
42,6.2
32,6.3
52,11.9
65,6.4
24,3.7
34,6.1
28,2.7
62,5.3
46,12.1
45,13.3
51,12.7
26,2.9
62,9.6
60,9.2
37,11.4
62,14.1
31,3.3
53,8.5
47,8
35,6.4
30,3.9
30,6.7
20,0.6
26,3.1
42,7.9
42,7.7
33,6.6
46,14.7
47,14.7
47,13
58,14.4
25,1.9
46,13.9
22,2.5
52,14.8
49,13.5
24,2.1
38,6.4
31,6.4
48,11.6
46,14.3
45,7.4
34,5.5
44,5.6
48,7.6
34,6.3
33,8.8
57,11.2
57,7.5
49,13.4
23,1.8
62,7.8
32,4
61,7.3
25,4.1
60,5.5
53,8.2
64,13.8
38,6.4
57,11.3
32,5.1
32,8.9
53,10.6
44,8
31,7.5
59,12.7
36,8.1
48,8.4
40,14.3
56,13.6
55,11.6
33,9.2
46,9.9
48,9.7
66,7.3
46,14.5
41,14.5
19,0.5
25,2.1
37,7.6
21,0.8
31,3.6
65,13.5
40,7.2
59,5.4
26,3.8
43,12
43,10.7
33,9.4
52,10.2
46,14.1
41,6.4
54,9.7
56,8.8
36,11.9
44,6.5
35,8.1
54,9
51,9.7
35,6
33,5.2
36,7.9
27,4.6
61,6
39,14.1
39,5.6
48,12.8
32,8.4
31,4.1
33,6.6
62,14.9
67,5.1
47,8.7
47,8.1
49,10.8
37,10.6
48,9.5
38,11.1
29,6.2
24,3.7
28,6.5
40,7
33,7.9
46,13.5
39,12.6
26,5.2
53,12.8
35,8.9
46,8.2
54,9.2
29,7
19,0.6
40,6.4
43,12.1
52,12.3
30,7.4
39,6.4
40,10.8
54,8.7
25,4.5
46,11.9
44,7.1
61,6.8
22,2.2
29,6.9
25,2.8
31,3.8
41,5.2
53,10.1
40,6.4
52,7.3
52,14.3
49,10.2
63,9.2
36,10.8
46,12.6
40,11.1
58,12.1
65,6.6
62,10.8
51,11
23,2.6
40,9.6
36,11
52,7.2
59,10.1
30,3.5
26,4
40,14.4
50,5.5
37,5.8
20,1.1
63,11.4
33,9.7
28,4.4
34,7.4
45,11
43,7.1
41,6.5
51,5.5
38,9.6
36,5.4
36,9
62,13.8
32,6.4
37,12
30,4.3
34,10.8
44,6.8
64,8.7
46,11.2
20,0.7
34,7.2
36,5.5
31,7.3
59,9
21,1.3
58,7.2
38,9.5
61,12.8
21,1.2
42,5.4
56,8.5
41,10.5
43,10.1
58,14.2
51,10.9
46,12.1
21,1.4
44,6
53,7
37,9.9
27,4.7
48,11.5
52,13.5
60,10
45,6.6
54,14
49,6.3
42,12.5
27,4.5
41,11.4
29,5
28,4
37,8.6
53,9.8
36,7.9
26,2.7
43,9.8
51,11.8
63,9.1
48,14.3
43,11.2
27,4.1
30,8
40,5.5
43,10.4
50,8.9
60,6.3
47,13.1
33,6.6
55,6.6
45,5.3
32,5.7
59,8.7
35,6.6
53,10.1
42,8.3
53,10.6
24,3.9
32,8.6
35,6.6
32,5.8
61,10.5
26,2.6
60,7.4
42,13.7
32,4.2
49,11.5
65,14.1
33,7.5
51,9.1
56,12
29,3.3
24,3.2
29,4.7
49,13.1
24,4.2
34,3.9
44,7.6
68,11.2
46,9.3
51,9.7
47,8.8
55,8.3
41,9.4
32,5
40,6.4
23,3.4
33,9.5
46,14.1
27,3
50,7.2
43,10.3
66,10.8
31,6.2
43,11.1
66,5.2
44,8.7
53,7.1
55,10.7
59,14.8
56,14.8
28,2.8
45,14
24,2.2
53,10.7
28,3.3
34,6.9
55,7.1
31,4
25,2.7
39,8.4
57,13.4
53,13.1
29,6.8
27,4.6
54,8.7
49,13.2
31,6.6
29,4.7
52,10.1
30,3.8
23,2.1
33,4.6
49,11.8
29,4.2
60,6.9
38,13.1
45,12.8
47,14.4
39,7
20,0.7
44,13.5
56,8.4
42,5.9
52,6.6
39,5.5
31,7.8
40,11.8
31,8.6
48,12.1
32,3.4
35,5.6
47,12
37,5.7
62,5.3
21,1.4
59,7.9
53,12
27,3.4
29,4.9
52,12.3
47,5.6
32,5.4
30,3.8
23,2.7
46,10.7
33,7.1
42,14.1
37,8.7
29,3.2
37,11.7
61,13.2
25,2.3
18,0.1
55,5.5
54,6.7
60,14.8
55,5.4
22,2
29,3.1
20,1.2
39,6.9
50,14.9
50,12.6
38,11.2
45,5.4
65,11.7
43,7.9
52,10.6
51,7.8
26,4.3
45,13
45,9.3
46,12.3
40,13.4
34,5.6
57,9
21,1.2
45,10.2
45,5.2
41,5.3
50,7.4
63,8
44,12.2
43,14.2
36,11.9
49,6.4
35,7.1
41,14.4
49,7.8
36,10
35,10.1
33,10
29,5.7
25,3.8
38,11.6
47,7.4
31,5.8
33,10.1
41,14.9
28,4.2
42,13.3
20,1.2
55,7.2
49,13.6
54,9.4
48,7.8
47,14.3
34,3.8
68,12.3
65,6.4
31,3.7
42,7.8
42,5.6
43,14.6
52,12.4
50,14.3
39,7.9
54,14.4
40,6.2
45,11.5
61,11.5
35,10.3
39,13.2
29,4.2
48,14.4
35,8.5
51,5.4
38,12.3
45,14.6
35,11.6
44,10.2
46,9.1
38,12.2
32,3.6
37,5.3
46,9.1
22,2.7
23,1.2
39,12.5
36,12.1
50,14.8
59,12.6
38,8.6
27,4.8
69,8.2
34,8.7
47,11
47,14.8
38,5
46,7
43,7.8
38,6.3
37,9.3
26,3.5
46,13.8
55,8.5
27,2.3
32,7.9
37,6.1
37,9.8
31,6.1
46,11.9
65,7.7
44,14.3
20,1.5
57,8.6
51,12.3
51,13.4
44,6
33,3.8
23,1.8
36,5
63,14.8
28,6.4
31,6.1
29,6.4
45,10.1
47,10.4
36,5.5
19,0.4
29,7.4
27,6
24,3.9
53,9.8
23,2
34,6
41,13
48,12.7
48,5.4
54,13.2
40,13.1
54,13.8
45,10.5
40,10.6
45,9.3
34,4.9
44,8.7
40,10.1
51,12.2
31,6
50,11
24,1.5
62,5.7
57,11.4
62,13.6
47,6.7
53,11.7
27,2.5
33,7
56,10.7
36,10.1
32,8
43,13.4
49,13.7
50,7.5
29,2.9
26,3.4
29,5.5
56,9.7
41,7.5
54,11.5
38,6.6
28,5.4
51,9.2
48,14
51,6.2
51,11.2
52,8.7
33,9.2
43,9.3
44,8.9
53,10.9
40,14.9
43,12.4
33,4.3
32,8.7
39,12.8
53,6.3
61,11.6
31,3.2
32,9.1
34,10.6
26,4.3
36,9
24,1.5
61,8
28,4
50,10.1
60,12.7
44,12.1
58,8.4
35,9.8
33,7.7
36,7.2
24,4.1
55,7.2
55,13.3
56,5.2
52,6.8
33,6.4
50,6.6
55,12.7
46,6.8
22,2.4
44,12.9
43,7.8
48,5.7
24,2.2
58,6.5
40,13.6
60,11
33,5.9
30,7.7
31,6.9
49,5.1
25,1.9
23,3.1
42,12.3
31,5.3
44,14.9
31,5.4
38,13
52,11
57,11.5
64,11.4
47,6
57,7
31,5.6
39,9.5
21,1.1
42,9
58,7.3
24,1.7
40,7
49,7.7
44,6.2
25,2
26,5.4
56,11.8
36,8.5
20,0.9
22,2.3
48,6.1
31,3
43,5.4
34,7.4
41,9.3
41,7.5
53,12.6
39,5.3
24,1.8
48,5.6
38,9.2
32,4.5
40,12.4
44,6.7
67,7.5
45,6.1
56,11.5
49,8.6
48,13
43,5.1
43,12.7
24,3.5
55,9.3
61,9.3
40,12.2
34,7.8
21,2.1
27,6.1
46,12.9
44,11.7
21,1.3
58,7.1
42,14.5
56,11.5
31,4.9
30,5.8
40,10.2
25,2.7
35,8.8
26,5.1
45,6.4
23,1.4
39,9.6
39,6.4
25,3.1
43,6
63,5.9
36,10.4
37,7.4
32,5.6
27,2.7
47,11
36,9.7
30,5.3
43,6.1
46,10.9
36,4.5
27,2.9
49,6.3
28,3
56,14.5
55,5.5
46,13.5
46,12.1
37,11.5
33,3.6
68,7.1
43,6.1
40,11.6
36,6
37,9.7
30,2.9
43,11.2
38,4.9
34,7.8
43,12.3
39,12.7
46,9.2
55,10.4
46,13.7
55,9.1
58,11.4
35,4
64,14.9
58,7.4
44,10.9
37,6.5
54,15
35,7.8
43,11.2
31,7.2
26,3
33,7.9
55,12.3
31,3.6
24,3.9
46,8.4
62,5.1
36,12.1
28,3.6
24,2.1
36,9.5
33,7
24,2.9
35,7.5
44,9.4
62,9.1
47,12.8
33,4.4
36,7.2
37,6.5
45,10.1
33,7.1
53,14.4
32,5.2
56,8.1
50,7.4
34,4.7
56,8.9
31,3.3
53,10
38,6.3
47,14.7
39,6.9
31,5.4
34,7.8
59,10.1
34,6.1
21,1.5
27,5.1
64,6.7
31,7.3
55,12.6
45,14.1
28,6.5
18,0.1
47,7.9
42,6.7
51,13.5
27,5.5
35,11.3
28,3.7
62,10.1
46,10.3
21,1.8
63,10.2
41,9.8
53,10.8
41,11.7
40,8.2
36,10.3
45,8.5
45,7.8
52,12.9
36,6.6
58,10.8
28,6.4
48,12.7
23,2.8
25,4.2
29,3
38,10.2
33,8.5
24,2.1
44,9.1
32,9.1
47,8.8
43,5.6
56,11.5
23,2.8
28,3.1
27,2.2
31,3.2
41,5.7
30,6.9
39,8.3
32,4.8
48,6
47,14.2
54,10.4
32,3.8
61,7.3
23,2.9
45,12.5
51,6.1
36,8.3
42,5.7
59,11.6
52,13
52,7.2
41,13.5
58,14.8
45,14.2
46,7.6
62,6.1
27,5.1
57,8.6
34,6.8
61,14.4
52,8.4
51,15
52,12.1
57,5.7
28,2.6
51,14.2
28,3
36,8.9
22,1
28,4.8
46,14.9
55,5.5
50,8
32,5.4
30,8.2
26,5
56,12.9
34,5
47,14.1
40,9.6
47,7.4
62,12.7
66,12.1
44,7.1
30,6.4
48,11.5
49,5.9
32,7.2
50,6.2
47,7.6
35,10.1
28,3.6
56,11.9
47,12.6
45,14
35,10.8
56,11.5
56,5.6
56,8.2
45,9.1
53,10.9
45,6.5
41,10.5
27,5.8
60,7.7
28,5.6
47,10.4
32,8.8
53,14.2
60,10.3
35,6.7
31,3.2
42,6.2
59,11.7
66,8.9
57,9.9
23,2.6
22,1.9
45,11.7
37,11.7
27,2.3
56,14.9
54,12.2
46,14.5
66,5.8
57,13.6
42,11.9
41,12.3
60,6.2
30,7
51,9.3
30,8
56,13.5
56,5.2
35,4.7
29,3.4
33,8.5
57,12.2
59,13.7
32,4
50,14.5
46,8.1
35,3.9
53,8.2
45,13.1
45,14.9
46,10.7
50,8.5
40,13.2
38,12.1
53,13.7
21,1.8
31,4.9
26,2.6
23,2.4
35,8.3
62,8.9
23,2.5
30,3.2
36,7.3
41,9.3
53,10.1
35,9.4
48,9.2
62,14.7
66,8.4
24,3.9
27,2.7
46,14.9
28,5.9
66,14.8
36,6.4
60,5.1
53,13.1
42,9.2
27,2.9
37,5.6
52,14.1
25,4.6
46,5.5
47,11
62,6.8
37,7
32,7.1
47,6.1
45,11.3
57,6.5
45,8.6
62,5.4
53,5.4
52,11.1
33,6.7
50,9.4
61,9.8
42,10
26,2.1
47,9.5
30,5.6
33,7.2
37,10.6
44,12.8
33,5.5
32,8.7
49,7.5
35,5
25,3
51,9.1
33,9.6
63,14.3
62,5.4
52,11.9
67,7.4
45,11.1
46,5.2
29,5.3
35,11.2
56,6.2
37,6.2
36,11.4
38,4.7
46,6.9
33,5.8
26,3.2
55,11.3
45,8.5
60,10.9
48,7.9
44,9.6
26,5.4
37,12.9
42,14.6
66,7.2
34,5.8
40,9.6
35,10.2
56,5.9
21,1.6
54,5
62,10.8
45,7.1
31,5.9
32,8.9
30,6
38,8.9
40,8.3
40,13.9
45,13.8
31,5.4
46,15
50,12.7
33,6.2
35,10.9
51,9
61,10
41,13.7
53,13.1
28,3.4
34,8.9
30,3.6
49,6.1
44,8
45,12.6
68,5.6
45,8.6
49,7.7
62,12.9
40,7.2
31,7.1
48,8.2
35,10.4
55,7.3
44,5.9
53,11.8
35,10.1
42,13.4
42,13.5
30,5.2
46,11.6
46,10.1
36,9.2
33,8.1
35,8.8
47,10.1
23,1.8
35,4
48,10
29,2.7
55,5.2
23,1.3
37,10.1
55,11.9
20,1
38,9
36,8.9
24,3.7
60,11.5
34,3.7
37,11.6
39,13.4
61,13.2
40,12.6
47,12
54,13.5
36,9.7
27,2.8
40,10.1
48,8.8
43,9.4
29,3.1
46,8.5
28,6.2
26,2.1
37,9.8
